No.,Last Name,First Name,MI,School,Course/Year Level,"Expected Date of Graduation",PIIC Trainings Attended,,,,,,,,,,,,,,,,,Email Address,Contact Number,,,,,,,Year 1,,,,,,,Year 2,,,,,,,,,,,,,,,,,,HDL,RTL,UVM,FCD,Others,SYN,PNR,HDL,RTL,VERIF,SYN,PNR,FCD,MEM,ANA,OPAMP,Others,,
1,Salarza,Hezron,,ADI,Design Engineer,,,,,,,1,,,,,,,,,,,,Hezron.Salarza@analog.com,9159586155
2,Compo,Louijie,,ADI,Design Engineer,,,,,,,1,1,,,,,,,,,,,Louijie.Compo@analog.com,9051351397
3,Bautista,Dann,,ADI,Design Engineer,,,,,,,1,1,,,,,,,,,,,Dann.Bautista@analog.com,9178463610
4,Abiog,Thomas,,ADI,Design Engineer,,,,,,,1,1,,,,,,,,,,,Thomas.Abiog@analog.com,9175807854
5,Castillo,Reynaldo,,ADI,Design Engineer,,,,,,,1,1,,,,,,,,,,,Reynaldo.Castillo@analog.com,9273247755
6,Sabate,Sofia,,ADI,Design Engineer,,,,,,,1,1,,,,,,,,,,,Sabate.Sofia@analog.com,9228511163
7,Ablao,Marco,T.,ADI,Product Engineer,,,,,,,,,,,,,,,,,,1,mp_ablao@yahoo.com,9088130254
8,Dela Cruz,Sherlyn,C.,ADI,Design Engineer,,,,,,,,,,,,,,,,,,1,sherlyndelacruz@gmail.com,9178911135
9,Fabay,Ken,F.,ADI,Design Engineer,,,,,,,,,,,,,,,,,,1,KENFABS@gmail.com,9175138995
10,Gorospe,John,A.,ADI,Design Engineer,,,,,,,,,,,,,,,,,,1,gorospejma@yahoo.com,9055822655
11,Managa,Darwin,D.,ADI,Design Engineer,,,,,,,,,,,,,,,,,,1,darwin.managa@gmail.com,9334314257
12,Monisit,Kristofer,M.,ADI,Design Engineer,,,,,,,,,,,,,,,,,,1,kmonisit@gmail.com,9228300387
13,Nuestro,Renan,C.,ADI,Design Engineer,,,,,,,,,,,,,,,,,,1,renan.nuestro@gmail.com,9256676428
14,Pelayo,Bernard,D.,ADI,Design Engineer,,,,,,,,,,,,,,,,,,1,brdpelayo@gmail.com,9064243656
15,Pinaso,Julyver,S.,ADI,Design Engineer,,,,,,,,,,,,,,,,,,1,julyverpinaso@gmail.com,9202806380
16,Villanueva,Clemelyn,G.,ADI,Product Engineer,,,,,,,,,,,,,,,,,,1,clemelynvillanueva@yahoo.com,9277961957
17,Luna,Anne Lorraine,,ADI,Product Engineer,,,,,,,,,,,1,,,,,,,,anne.luna@analog.com,
18,Mijares,Reuben,,ADI,Product Engineer,,,,,,,,,,,1,,,,,,,,reuben.mijares@analog.com,
19,Estrella,Edward,,ADI,Product Engineer,,,,,,,,,,,1,,,,,,,,eduardo.estrella@analog.com,
20,Sangalang,Ralph Gerard,B.,BSU,Faculty,,,,,,,,,,1,1,,,,,,,,ralph_0723@yahoo.com.ph,9399265759
21,Ereno,Eugene,M.,BSU,Faculty,,,,,,,,,,1,1,1,1,,,,,,eugene.ee13@yahoo.com,9278519879
22,Barte,Gil,B.,BSU,Faculty,,,,,,,,,,1,1,,,,,,,,gbbarte@batstate-u.edu.ph,9179006923
23,Aguado,Joy,A.,BSU,BS ECE/4th Yr.,"April 01, 2016",,,,,,,,1,1,,1,1,,,,,,aguadoyoj@yahoo.com,9071717819
24,Alamares,Rustee Von,G.,BSU,BS ECE/5th Yr.,"October 01, 2015",,,,,,,,1,1,,1,1,,,,,,rusteevongonzales@gmail.com,9165665928
25,Barre,Alyssa Krizelle,I.,BSU,BS ECE/4th Yr.,"October 01, 2016",,,,,,,,1,1,,1,1,,,,,,akibarre@yahoo.com.ph,9176479754
26,Bautista,Herbert,A.,BSU,BS ECE/5th Yr.,"October 28, 2015",,,,,,,,1,1,,1,1,,,,,,trebrehbautista@yahoo.com,9275531479
27,Benedicto,Jerwin,R.,BSU,BS ECE/4th Yr.,"April 01, 2016",,,,,,,,1,1,,1,1,,,,,,benedictojerwin@yahoo.com,9197158902
28,Cabatay,Jeffrey,L.,BSU,BS ECE/4th Yr.,"April 01, 2016",,,,,,,,1,1,,1,1,,,,,,cabatay.jeffrey14@gmail.com,9351943025
29,Calapati,Aries,l.,BSU,BS ECE/4th Yr.,"April 30, 2016",,,,,,,,1,1,,1,1,,,,,,ece3101calapatiaries1010226@gmail.com,9479686121
30,Caraos,Abbygaile,M.,BSU,BS ECE/4th Yr.,"October 01, 2016",,,,,,,,1,1,,1,1,,,,,,abbygailecaraos@yahoo.com,9296291539
31,Caringal,Krisha Rose,S.,BSU,BS ECE/4th Yr.,"October 01, 2016",,,,,,,,1,1,,1,1,,,,,,ckrisharose@gmail.com,9085944082
32,Castillo,Harriet,A.,BSU,BS ECE/4th Yr.,"October 01, 2016",,,,,,,,1,1,,1,1,,,,,,castilloharriet20@gmail.com,9291683307
33,De Chavez,Lawrence,M.,BSU,BS ECE/4th Yr.,"April 01, 2016",,,,,,,,1,1,,1,1,,,,,,ece3101.dechavez.lawrence@gmail.com,9104698887
34,Endaya,Ron-Ron,A.,BSU,BS ECE/4th Yr.,"April 01, 2016",,,,,,,,1,1,,1,1,,,,,,daronsquared@gmail.com,9086885604
35,Gamboa,Jian Carlo,M.,BSU,BS ECE/4th Yr.,"October 01, 2016",,,,,,,,1,1,,1,1,,,,,,jian_carlo_95@yahoo.com.ph,9166694747
36,Garcia,Christine Joy,C.,BSU,BS ECE/4th Yr.,"April 01, 2016",,,,,,,,1,1,,1,1,,,,,,garciachristinejoy862@gmail.com,9494247365
37,Garcia,Elezar,B.,BSU,BS ECE/4th Yr.,"April 01, 2016",,,,,,,,1,1,,,,,,,,,elezargarcia@yahoo.com,9053513679
38,Godoy,Rose Ann,E.,BSU,BS ECE/4th Yr.,"March 28, 2016",,,,,,,,1,1,,1,1,,,,,,roseann_godoy@yahoo.com,9204681608
39,Javier,Rhoyette,C.,BSU,BS ECE/4th Yr.,"April 01, 2016",,,,,,,,1,1,,1,1,,,,,,rhoyette_javier20@yahoo.com,9478359739
40,Lakilak,Khazzel,L.,BSU,BS ECE/4th Yr.,"April 01, 2016",,,,,,,,1,1,,1,1,,,,,,khazzel15@gmail.com,9362379441
41,Macutong,Jhon Carlo,C.,BSU,BS ECE/4th Yr.,"April 01, 2016",,,,,,,,1,1,,1,1,,,,,,carlo.macutong.1704@gmail.com,9496308298
42,Marasigan,Rai Bongbong,A.,BSU,BS ECE/4th Yr.,"October 01, 2016",,,,,,,,1,1,,1,1,,,,,,rai_marasigan@yahoo.com,9284733370
43,Masangcay,Imee Rose,M.,BSU,BS ECE/4th Yr.,"October 01, 2016",,,,,,,,1,1,,1,1,,,,,,masangcay.imee17@gmail.com,9166410890
44,Mendoza,Louis Raphael,C.,BSU,BS ECE/4th Yr.,"October 01, 2016",,,,,,,,1,1,,1,1,,,,,,rap214mendoza@yahoo.com,9258112114
45,Nuguid,Karen Mae,L.,BSU,BS ECE/4th Yr.,"March 30, 2016",,,,,,,,1,1,,1,1,,,,,,Karen_mae1895@yahoo.com,9308868839
46,Rodriguez,Rolfh Rendell,G.,BSU,BS ECE/4th Yr.,"October 01, 2016",,,,,,,,1,1,,1,1,,,,,,rolfhrodriguez@yahoo.com,9063669325
47,Santoyo,Abegail,M.,BSU,BS ECE/4th Yr.,"October 01, 2016",,,,,,,,1,1,,1,1,,,,,,Abegail_92394@yahoo.com,9095319634
48,Selarde,Christeen,E.,BSU,BS ECE/4th Yr.,"April 01, 2016",,,,,,,,1,1,,1,1,,,,,,xteen23_selarde@yahoo.com,9286924332
49,Vergara,Lyka,M.,BSU,BS ECE/4th Yr.,"April 01, 2016",,,,,,,,1,1,,1,1,,,,,,vergaralykam@gmail.com,9095167105
50,Vergara,John Kevin,T.,BSU,BS ECE/4th Yr.,"October 01, 2016",,,,,,,,1,1,,,,,,,,,johnkevinvergara642@yahoo.com,9497481544
51,Villanueva,Richchelle,A.,BSU,BS ECE/4th Yr.,"October 01, 2014",,,,,,,,1,1,,1,1,,,,,,richchellevillanueva@gmail.com,9081462140
52,Jose,Oliver Lexter July,,BSU,Faculty,,,,,,,,,1,1,,1,1,,,,,,oljaj08@gmail.com,9195067633
53,Salvador,Anela,L.,BSU,Faculty,,,,,,,,,1,1,,1,1,,,,,,anelasalvador@yahoo.com,9496308140
54,De Ocampo,Anton,P.,BSU,Faculty,,,,,,,,,1,1,,,,,,,,,anoton.deocampo@gmail.com,9994452013
55,Buenaventura,Justin,J.,BulSU,ECE- 4th yr,,,,,,1,,,,,,,,,,,,,buenaventura.justin@yahoo.com,9269758740
56,Clemente,Abbygail,M.,BulSU,ECE- 4th yr,,,,,,1,,,,,,,,,,,,,abbygailclemente@yahoo.com,9059098271
57,De Guzman,Mc Ruin Isacar,A.,BulSU,ECE -5th yr,,,,,,1,,,,,,,,,,,,,ruindeguzman@gmail.com,9169394912
58,Santos,Samuel Edelson,E.,BulSU,ECE - 4th,,,,,,1,,,,,,,,,,,,,edelsantos714@gmail.com,9157903579
59,Asignacion,Abner Jr.,P.,BulSU,Instructor,,,,,,1,,,,,,,,,,,,1,abner_asignacionjr@yahoo.com,9253007643
60,Nicolas,Allan,A.,BulSU,Instructor,,,,,,1,,,,,,,,,,,,,allan_nicolas1230@yahoo.com,9352513940
61,Obias,Karl Cedric Joel,U.,DLSU,,,,,,,,,,,1,1,,,,,,,,karl_obias@yahoo.com,9272233887
62,Cualquiera,James Kenneth,P.,DLSU,,,,,,,,,,,1,1,,,,,,,,cualquiera.jake@yahoo.com,9062344800
63,Ybañez,Kristine,DV.,DLSU,,,,,,,,,,,1,1,,,,,,,,kristinekayeybanez@yahoo.com,9067114861
64,Ayroso,Alexis,A.,DLSU,,,,,,,,,,,1,1,,,,,,,,alexis.ayroso@gmail.com,9178936092
65,De Leon,Martine Gabrielle,A.,DLSU,,,,,,,,,,,1,1,,,,,,,,deleonmartine@yahoo.com,9178777262
66,Aureo,Paula Marie,S.,DLSU,,,,,,,,,,,1,1,,,,,,,,aureo.pm@gmail.com,9162291933
67,Lam,Kevin Wai Yin,S.,DLSU,,,,,,,,,,,1,1,,,,,,,,kevin_kwyl_lam@yahoo.com,
68,Aala,Jo Carriza,T.,FAITH,BS ECE/4th Year,,,,,,,,,,,,,,1,1,1,1,,aalajocarriza@gmail.com,
69,Alcaraz,Warner Jay,S.,FAITH,BS ECE/4th Year,March 2016,,,,,,,,,,,1,1,1,1,,,,warnerjay.alcaraz@gmail.com,
70,Amante,Clinton,M.,FAITH,ECE,March 2016,,,,,,,,,,,1,1,,,1,1,,clintonamante@rocketmail.com,
71,Andaya,Ann Chrizelle,K.,FAITH,COE,March 2016,,,,,,,,,,,,,,,1,1,,annchrizelle@gmail.com,
72,Aquino,Christian,L.,FAITH,COE,March 2016,,,,,,,,,,,,,1,1,1,1,,tanaquinofaith@gmail.com,
73,Avena,Jeff Renz,D.,FAITH,COE,March 2016,,,,,,,,,,,,,,,1,1,,jravena6@gmail.com,
74,Baliwag,Ron Rannie,B.,FAITH,ECE,March 2016,,,,,,,,,,,1,1,,,,,,ronrannie@yahoo.com,
75,Bathan,May Angeline,M.,FAITH,ECE,March 2016,,,,,,,,,,,1,1,1,1,,,,bmayangeline@yahoo.com,
76,Bautista,Yankee,L.,FAITH,ECE,March 2016,,,,,,,,,,,1,1,1,1,1,1,,bautistayankee@gmail.com,
77,Beringuela,Reggie Boy,M.,FAITH,BS ECE/4th Year,,,,,,,,,,,,,,1,1,,,,reggieboyberinguela@yahoo.com,
78,Bobadilla,Joseph,D.,FAITH,ECE,March 2016,,,,,,,,,,,,,,,1,1,,josephbobadilla09@gmail.com,
79,Borja,Ana Ray,D.,FAITH,ECE,March 2016,1,1,,,,,,,,,,,,,,,,anarayborja25@gmail.com,
80,Castillo,Katryn Ashtin,P.,FAITH,ECE,March 2016,,,,,,,,,,,,,1,1,1,1,,castillokatrynashtin@yahoo.com,
81,Coronado,Joserie,L.,FAITH,ECE,March 2016,1,1,,,,,,,,,1,1,,,,,,coronadojoserie@gmail.com,
82,Coronado,Roi John,V.,FAITH,ECE,March 2016,,,,,,,,,,,,,,,1,1,,roijohn_21@yahoo.com,
83,Cruzat,Mirasol,M.,FAITH,ECE,March 2016,1,1,,,,,,,,,,,,,,,,mirasolcruzat26@gmail.com,
84,Cuenca,John Ranzel,U.,FAITH,ECE,March 2016,,,,,,,,,,,,,,,1,1,,johnranzelcuenca@gmail.com,
85,Cueto,Dahlia,P.,FAITH,ECE,March 2016,1,1,,,,,,,,,,,,,,,,dahliacueto_ece@ymail.com,
86,Debuton,Ronniel,B.,FAITH,ECE,March 2016,,,,,,,,,,,,,,,1,1,,rberindebuton@gmail.com,
87,Del Rosario,Maricar,V.,FAITH,ECE,March 2016,,,,,,,,,,,1,1,1,1,,,,maricardr33@gmail.com,
88,Dela Cueva,Mon Kennedy,G.,FAITH,ECE,March 2016,,,,,,,,,,,,,,,1,1,,delacuevamon12@gmail.com,
89,Enderes,Brylle Mae,C.,FAITH,ECE,March 2016,,,,,,,,,,,1,1,1,1,1,1,,bryllenderes@gmail.com,
90,Espinili,Rhea Katrina,B.,FAITH,ECE,March 2016,,,,,,,,,,,1,1,1,1,1,1,,rhea.katrina24@gmail.com,
91,Estrella,Carizza,G.,FAITH,ECE,March 2016,1,1,,,,,,,,,1,1,,,,,,estrellacarizza@ymail.com,
92,Eusebio,Elvin,M.,FAITH,ECE,March 2016,,,,,,,,,,,1,1,,,1,1,,el.vineusebio@gmail.com,
93,Fajardo,Rommel,M.,FAITH,ECE,March 2016,1,1,,,,,,,,,1,1,,,,,,fajardo.rommelm@yahoo.com,
94,Guerrero,Vien Karl,D.,FAITH,ECE,March 2016,,,,,,,,,,,1,1,1,1,,,,vkdeverag@yahoo.com,
95,Guevarra,Joan Marie,A.,FAITH,ECE,March 2016,1,1,,,,,,,,,,,,,,,,joanmarieguevarra@gmail.com,
96,Gutierrez,Joseph,M.,FAITH,ECE,March 2016,1,1,,,,,,,,,,,,,,,,josephgutierrez00@gmail.com,
97,Ibarra,Clarissa Buena,N.,FAITH,BS ECE/4th Year,,,,,,,,,,,,,,1,1,,,,clarisseibarra@gmail.com,
98,Isla,Gerhard Christian,A.,FAITH,ECE,March 2016,1,1,,,,,,,,,1,1,,,,,,gerhard_isla@yahoo.com,
99,Katigbak,Shaun Marvik,V.,FAITH,ECE,March 2016,1,1,,,,,,,,,1,1,1,1,1,1,,shaun.marvik@gmail.com,
100,Landicho,John Albert,R.,FAITH,ECE,March 2016,,,,,,,,,,,1,1,1,1,1,1,,johnalbertlandicho@gmail.com,
101,Lat,Jerallen,R.,FAITH,ECE,March 2016,1,1,,,,,,,,,,,,,,,,jerallenlat@gmail.com,
102,Legaspi,Thadeus,E.,FAITH,ECE,March 2016,1,1,,,,,,,,,,,,,,,,deuslgsp26@gmail.com,
103,Lipat,Florgin Lawrence,S.,FAITH,ECE,March 2016,,,,,,,,,,,,,1,1,1,1,,florgin_awesome@yahoo.com,
104,Litargo,Aidan Jude,L.,FAITH,BS ECE/5th Year,,,,,,,,,,,,,,1,1,,,,aidanjude_l@yahoo.com,
105,Lozano,Ronel,C.,FAITH,ECE,March 2016,1,1,,,,,,,,,,,,,,,,ronel_wade3@yahoo.com,
106,Lucillo,Eraine Bridgette,T.,FAITH,ECE,March 2016,1,1,,,,,,,,,,,,,,,,erainelucillo@gmail.com,
107,Magbuhos,Michael,Z.,FAITH,ECE,March 2016,1,1,,,,,,,,,,,,,,,,michaelmagbuhos@yahoo.com,
108,Magpantay,Rosalyn,R.,FAITH,ECE-4th Yr.,March 2016,,,,,,,,,,,,,,,1,1,,rosalynmagpantay@gmail.com,9461339439
109,Magpantay,Charlene,D.,FAITH,ECE,March 2016,,,,,,,,,,,1,1,1,1,,,,charlenemagpantay@gmail.com,
110,Malabanan,Sherlene,L.,FAITH,ECE,March 2016,,,,,,,,,,,1,1,1,1,1,1,,sherlenemalabanan17@yahoo.com,
111,Malabanan,Jhon Rey,D.,FAITH,ECE,March 2015,1,1,,,,,,,,,,,,,,,,malabanan.jhonrey@yahoo.com,
112,Mamino I,Jan Conrado,V.,FAITH,ECE,March 2015,1,1,,,,,,,,,,,,,,,,jcvmamino@yahoo.com,
113,Mangaoang,Jonas,B.,FAITH,COE,March 2016,,,,,,,,,,,,,1,1,1,1,,jmangaoang8@gmail.com,
114,Manguiat,Rozelle,L.,FAITH,ECE,March 2015,,,,,,,,,,,1,1,1,1,1,1,,osel_1106@yahoo.com,
115,Manuel,Richard Eliot,C.,FAITH,ECE,March 2015,1,1,,,,,,,,,1,1,,,,,,richard_manuel14@yahoo.com,
116,Marfa,Khristofer,O.,FAITH,ECE,March 2015,1,1,,,1,,,,,,1,1,,,,,,marfakhristofer@gmail.com,
117,Medrano,Bryan,A.,FAITH,BS ECE/4th Year,,,,,,,,,,,,,,1,1,,,,bryan.medra18@gmail.com,
118,Mica,Ray Nier,M.,FAITH,ECE,March 2015,1,1,,,,,,,,,1,1,,,,,,renmangubatmica@gmail.com,
119,Mulano,Ralph Mauie,A.,FAITH,ECE,March 2015,1,1,,,,,,,,,,,,,,,,ralphmulano@gmail.com,
120,Nario,Marc Cyril,L.,FAITH,ECE,March 2015,,,,,,,,,,,1,1,,,1,1,,marccyrilnario@gmail.com,
121,Nora,Lorenz Mark John,P.,FAITH,ECE,March 2015,1,1,,,,,,,,,,,,,,,,lorenz.mark@yahoo.com,
122,Olap,Camille,C.,FAITH,ECE,March 2015,1,1,,,,,,,,,,,,,,,,camz.olap@gmail.com,
123,Panta,Lovelyn,C.,FAITH,ECE,March 2016,,,,,,,,,,,,,,,1,1,,lovelyncpanta@gmail.com,
124,Pasia,Jvi Pyl,D.,FAITH,ECE,March 2015,1,1,,,,,,,,,,,,,,,,pasiajayve@yahoo.com,
125,Pujanes,Jerlyn,D.,FAITH,BS ECE/4th Year,,,,,,,,,,,,,,1,1,,,,pujanesjerlyn@gmail.com,
126,Resaba,Hayden,O.,FAITH,ECE,March 2015,,,,,,,,,,,1,1,,,1,1,,hresaba@yahoo.com,
127,Reyes,Sharmine Catherine,I.,FAITH,BS ECE/5th Year,,,,,,,,,,,,,,1,1,,,,sharminereyes@gmail.com,
128,Rianzares,Alken Vincent,G.,FAITH,ECE,March 2015,1,1,,,,,,,,,,,,,,,,avgrianzares@gmail.com,
129,Salvador,Jizelle,S.,FAITH,ECE,March 2016,,,,,,,,,,,,,1,1,1,1,,jizelle_salvador@yahoo.com,
130,Sapungan,Mark Emanuel,R.,FAITH,ECE,March 2015,1,1,,,,,,,,,1,1,,,,,,markemanuelroldan@gmail.com,
131,Suan,Jerome,F.,FAITH,ECE,March 2015,,,,,,,,,,,1,1,1,1,1,1,,suan.jerome48@gmail.com,
132,Trinidad,Mark Louie,B.,FAITH,BS COE/4th Year,,,,,,,,,,,,,,1,1,,,,iam.mlouie@yahoo.com,
133,Vallestero,Jemimah Marie Leviste,L.,FAITH,ECE,March 2015,,,,,,,,,,,1,1,1,1,,,,jemimahmarie_vallestero@rocketmail.com,
134,Veloso,Christopher Jay,C.,FAITH,ECE,March 2015,1,1,,,,,,,,,,,,,,,,christopherveloso@yahoo.com,
135,Viernes,Paolo,A.,FAITH,ECE,March 2015,1,1,,,1,,,,,,1,1,,,,,,paolo.viernes@yahoo.com,
136,Villanueva,Mari Lordjen,B.,FAITH,ECE,March 2015,1,1,,,,,,,,,,,,,,,,villanuevamarilordjen09@gmail.com,
137,Villanueva,Cyrus Rigor,D.,FAITH,ECE,March 2016,,,,,,,,,,,,,1,1,1,1,,villanuevacyrusrigor@gmail.com,
138,Vivas,Aleli Mae,R.,FAITH,ECE,March 2016,,,,,,,,,,,,,,,1,1,,alelimaevivas@gmail.com,
139,Zagala,Keneth,L.,FAITH,ECE,March 2015,1,1,,,,,,,,,,,,,,,,kennethzagala24@gmail.com,
140,Zapanta,Jose Mari Stanly,M.,FAITH,COE,March 2016,,,,,,,,,,,,,1,1,1,1,,jmsmzapanta@gmail.com,
141,Aquino,Stanley,L.,FAITH,Faculty,,1,1,,,,,,,,,1,,1,,1,,,slaquino@firstasia.edu.ph,9175433023
142,Cornejo,Reniel,M.,FAITH,Faculty,,,,,,,,,,,,1,,,,,,,rmcornejo@firstasia.edu.ph,9178921463
143,Escarez,Christopher,B.,FAITH,Faculty,,,,,,,,,,,,,,1,,1,1,,cbescarez@firstasia.edu.ph,
144,Malabanan,Francis,A.,FAITH,Faculty,,,,,,,,,,,,1,,,,1,,,famalabanan@firstasia.edu.ph,9178806890
145,Santos,Adonis,S.,FAITH,Faculty,,,,,,1,,,,,,,,1,1,,1,1,assantos@firstasia.edu.ph,9279024528
146,Tabing,Jay Nickson,T.,FAITH,Faculty,,1,1,,,,,,,,,1,1,1,,,,,jttabing@firstasia.edu.ph,9173116494
147,Ticsay,Leonel Jesson,L.,FAITH,Faculty,,,,,,,,,,,,1,,,,,,,llticsay@firstasia.edu.ph,9177054674
148,Pedrosa,Benjamin,M.,FAITH,Faculty,,,,,,,,,,,,,,,,1,1,,bmpedrosa@firstasia.edu.ph,
149,Abuel,Jan Kiel,S.,HAU,ECE,April 2015,1,,,1,,,,,1,,,,,,,,,leikmanaj@yahoo.com,
150,Allare,Mark Den,,HAU,ECE,April 2015,,,,,,,,,1,,,,,,,,,allaremarkden@yahoo.com,
151,Amorin,Carl Jervin,T.,HAU,ECE,April 2016,,,,,,,,,,,,,,,1,1,,carljervin.sonelf@gmail.com,
152,Arcilla,Franchesca Danielle,,HAU,ECE,April 2015,,,,,,,,,1,,,,,,,,,franchesca.arcilla@hotmail.com,
153,Ayson,Kurt Russel,,HAU,ECE,April 2015,,,,,,,,,1,,,,,,,,,kr14.ayson@gmail.com,
154,Bacongallo,Khamille Jalysa,,HAU,ECE,April 2015,,,,,,,,,1,,,,,,,,,jalysabacongallo@gmail.com,
155,Baluyut,Jan Lorenz,B.,HAU,ECE,April 2015,1,,,1,,,,,,,,,,,,,,johnlorenz459@google.com,
156,Bartolo,Kathleen Joy,L.,HAU,ECE,April 2015,1,,,1,,,,,,,,,,,,,,kath.bartolo@yahoo.com,
157,Cabal,Anne Charmaine,,HAU,CoE,April 2015,,,,,,,,,1,,,,,,,,,acscabal@gmail.com,
158,Cadag,Michael Angelo,,HAU,ECE,April 2015,,,,,,,,,1,,,,,,,,,michaelangelocadag@yahoo.com,
159,Cantonjos,Homer,R.,HAU,ECE,April 2015,1,,,1,,,,,1,,,,,,,,,homercantonjos@gmail.com,
160,Caracas,Jardinn Yovene,N.,HAU,ECE,April 2015,,,,,,,,,1,,,,,,,,,jardinncaracas@gmail.com,
161,Casaclang,Maria Casandra,A.,HAU,ECE,April 2015,1,,,1,,,,,,,,,,,,,,mcac3008@gmail.com,
162,Castro,Ronnel,C.,HAU,ECE,April 2015,1,,,1,,,,,,,,,,,,,,ronnelcastro2013@gmail.com,
163,Castro,Rosdie,M.,HAU,ECE,April 2015,1,,,1,,,,,,,,,,,,,,rosdiemae@gmail.com,
164,Catacutan,Nelson,C.,HAU,ECE,April 2015,1,,,1,,,,,,,,,,,,,,catacutan.n.c@gmail.com,
165,Clemente,Jansen Dale,,HAU,CoE,April 2015,,,,,,,,,1,,,,,,,,,sen_clemente@outlook.com,
166,Cruz,Hector,S.,HAU,ECE,April 2015,1,,,1,,,,,,,,,,,,,,hectorcruz91193@gmail.com,
167,Cunanan,Jenny,U.,HAU,ECE,April 2015,1,,,1,,,,,1,,,,,,,,,jennycunanan28@gmail.com,
168,Cunanan,Karlo Miguel,,HAU,ECE,April 2015,1,,,1,,,,,,,,,,,,,,karlo_120394@yahoo.com,
169,David,Jonathan,D.,HAU,ECE,April 2015,1,,,1,,,,,,,,,,,,,,davidj00694@gmail.com,
170,David,Merzeree Anne,M.,HAU,ECE,April 2016,,,,,,,,,,,,,,,1,1,,merzereeanne@gmail.com,
171,Del Fin,Justin Cariel,F.,HAU,ECE,April 2016,,,,,,,,,,,,,,,1,1,,carieldelfin0604@gmail.com,
172,Dizon,Jerico,P.,HAU,ECE,April 2015,1,,,1,,,,,,,,,,,,,,dizonjerico24@yahoo.com,
173,Dyogi III,Edmond,,HAU,CoE,April 2015,,,,,,,,,1,,,,,,,,,edmond.dyogi.iii@gmail.com,
174,Estrada,Alfred John,,HAU,ECE,April 2015,,,,,,,,,1,,,,,,,,,alfredpoky@yahoo.com,
175,Galang,John Nicholle,M.,HAU,ECE,April 2016,,,,,,,,,,,,,,,1,1,,nichollegalang@gmail.com,
176,Gallano,Daniel,,HAU,ECE,April 2015,,,,,,,,,1,,,,,,1,1,,dnl_gallano@yahoo.com,
177,Galura,John Fredvine,,HAU,ECE,April 2015,,,,,,,,,1,,,,,,,,,johnfredvinegalura@yahoo.com,
178,Galvez,Jael Anthony,,HAU,ECE,April 2015,,,,,,,,,1,,,,,,,,,jael_gigs@yahoo.com.ph,
179,Gonzales,John Kristian,R.,HAU,ECE,April 2015,1,,,1,,,,,,,,,,,,,,johnkristiangonzales@yahoo.com,
180,Gopez,Jonas,A.,HAU,ECE,April 2016,,,,,,,,,,,,,,,1,1,,jonasgopez52@gmail.com,
181,Guevarra,Rhadnil,M.,HAU,ECE,April 2016,,,,,,,,,,,,,,,1,1,,rhadnil.guevarra@yahoo.com,
182,Guiao,Marwin,O.,HAU,ECE,April 2016,,,,,,,,,,,,,,,1,1,,guiao.marwin@gmail.com,
183,Guintu,Noemer,,HAU,ECE,April 2015,,,,,,,,,1,,,,,,,,,maimaiguintu@gmail.com,
184,Herrera,Marc Joseph,,HAU,ECE,April 2015,1,,,1,,,,,1,,,,,,,,,mjh_8163@yahoo.com,
185,Hilario,Lawrence,L.,HAU,ECE,April 2016,,,,,,,,,,,,,,,1,1,,lawhil04@gmail.com,
186,Lacson,Marlon James,D.,HAU,ECE,April 2015,1,,,1,,,,,,,,,,,,,,marlonjameslacson@yahoo.com,
187,Lumba,James Berlin,D.,HAU,ECE,April 2015,,,,,,,,,,,,,,,1,1,,lumba.james27@gmail.com,
188,Macapinlac,Michelle,D.,HAU,ECE,April 2015,1,,,1,,,,,,,,,,,,,,michelle_macapinlac17@yahoo.com,
189,Maceda,Tracey Ann,D.,HAU,ECE,April 2015,,,,,,,,,,,,,,,1,1,,traceyannmaceda@yahoo.com,
190,Maglalang,Francis,D.,HAU,ECE,April 2016,,,,,,,,,,,,,,,1,1,,francisdmaglalang@gmail.com,
191,Malong,Kenneth Joven,,HAU,ECE,,,,,,,,,,1,,,,,,,,,,
192,Manaloto,Jan Romeo,,HAU,CoE,April 2015,,,,,,,,,1,,,,,,,,,janmanaloto@gmail.com,
193,Manarang,Marrion,L.,HAU,ECE,April 2016,,,,,,,,,,,,,,,1,1,,marrion9999@gmail.com,
194,Maniago,Kristine Jenica,M.,HAU,ECE,April 2015,1,,,1,,,,,,,,,,,,,,maniagokristinejenica@yahoo.com,
195,Mariano,Karlo,M.,HAU,ECE,April 2016,,,,,,,,,,,,,,,1,1,,karlomariano@gmail.com,
196,Mendoza,Nicolas Sebastian,R.,HAU,ECE,April 2016,,,,,,,,,,,,,,,1,1,,nicomendoza138@gmail.com,
197,Mesina,Maurice Anne,S.,HAU,ECE,April 2016,,,,,,,,,,,,,,,1,1,,virus_1131@yahoo.com,
198,Miranda,Ericzon,I.,HAU,ECE,April 2015,1,,,1,,,,,,,,,,,,,,mirandaeric10@gmail.com,
199,Monsanto,Jeanalyn,,HAU,ECE,April 2015,,,,,,,,,1,,,,,,,,,jheanaleng@gmail.com,
200,Musngi,Levenier,M.,HAU,ECE,April 2016,,,,,,,,,,,,,,,1,1,,leveniermusngi@yahoo.com.ph,
201,Musni,Reamelle,W.,HAU,ECE,April 2015,1,,,1,,,,,,,,,,,,,,reamelleinsum@gmail.com,
202,Pangan,Janela Ann,V.,HAU,ECE,April 2016,,,,,,,,,,,,,,,1,1,,janelaannpangan@yahoo.com,
203,Pingul,Renzo,T.,HAU,ECE,April 2016,,,,,,,,,,,,,,,1,1,,renz.pingul@yahoo.com.ph,
204,Ponce,Marco Angelo,D.,HAU,ECE,April 2015,1,,,1,,,,,,,,,,,,,,marco761945@yahoo.com,
205,Ramos,Mary Lourdz Anne,B.,HAU,ECE,April 2016,,,,,,,,,,,,,,,1,1,,lourdz.o27@gmail.com,
206,Reyes,Monalyn,,HAU,ECE,April 2015,,,,,,,,,1,,,,,,,,,monalin01@yahoo.com.ph,
207,Rivera,Larry,P.,HAU,ECE,April 2016,,,,,,,,,,,,,,,1,1,,rivera.larry0107@gmail.com,
208,Ros,Mark Anthony,A.,HAU,ECE,April 2015,1,,,1,,,,,1,,,,,,,,,maa_ros@yahoo.com.ph,
209,Salenga,Sania Tamara,T.,HAU,ECE,April 2016,,,,,,,,,,,,,,,1,1,,salengasania@gmail.com,
210,Sangalang,Bryan,,HAU,ECE,April 2015,1,,,1,,,,,,,,,,,,,,brygsan@gmail.com,
211,Sese,Andiel Deign,,HAU,ECE,April 2015,,,,,,,,,1,,,,,,,,,andiesese@gmail.com,
212,Soliman,Ian Carlo,P.,HAU,ECE,April 2016,,,,,,,,,,,,,,,1,1,,ian_soliman799@yahoo.com,
213,Soriano,Hannah,V.,HAU,ECE,April 2016,,,,,,,,,,,,,,,1,1,,soriano061196@gmail.com,
214,Sumulong,Justin John,S.,HAU,ECE,April 2016,,,,,,,,,,,,,,,1,1,,jj.justinjan@gmail.com,
215,Tayao,Fernan Glenn,L.,HAU,ECE,April 2015,1,,,1,,,,,,,,,,,,,,fernan_glenn@yahoo.com,
216,Tolentino,Jerome,A.,HAU,ECE,April 2016,,,,,,,,,,,,,,,1,1,,jgtdome.24@gmail.com,
217,Torres,Ronnel,P.,HAU,ECE,April 2015,1,,,1,,,,,1,,,,,,,,,misabitapa@yahoo.com,
218,Tuazon,Myca Angelee,A.,HAU,ECE,April 2015,1,,,1,,,,,1,,,,,,,,,mycatuazon_217@yahoo.com,
219,Tuazon,Christina Jhane,C.,HAU,ECE,April 2016,,,,,,,,,,,,,,,1,1,,tinatuazon18@yahoo.com,
220,Velasco,Jave Rudy,M.,HAU,ECE,April 2016,,,,,,,,,,,,,,,1,1,,javerudy@yahoo.com,
221,Velasquez,Nikko,,HAU,ECE,April 2015,,,,,,,,,1,,,,,,,,,nikko_velasquez_08@yahoo.com,
222,Victoria,Ronniel,M.,HAU,ECE,April 2016,,,,,,,,,,,,,,,1,1,,ronnielvictoria@gmail.com,
223,Zapanta,Nicholson,,HAU,ECE,April 2015,,,,,,,,,1,,,,,,,,,rieann_2007@yahoo.com.ph,
224,Baluyut,Kenneth John,I.,HAU,Faculty,,1,,,1,,,,,,,,,,,,,,kenbaluyut17@yahoo.com,9261861196
225,Frigillana,Schuvert,C.,HAU,Faculty,,,,,,,,,,,,,,,,1,1,,schu_frigi@yahoo.com,9328741673
226,Adriano,Michael Jordan,F.,HAU,Faculty,,,,,,,,,,,,,,,,1,,,walther_jordan23@yahoo.com,9065575060
227,Cortez,Gerard,,HAU,Faculty,,1,,,,,,,,1,,,,,,,,,gcortez@hau.edu.ph,9228495827
228,Galvez,Katherine,E.,HAU,Faculty,,,,,,,,,,,,,,,,1,1,,galvezkatherineemocling@gmail.com,9328638127
229,Gatus,Noel,,HAU,Faculty,,,,,,,,,,,,,,,,1,,,noelgatus@gmail.com,91970055466
230,Mendez,Francis,S.,HAU,Faculty,,1,,,1,,,,,,,,,,,,,,cism15@yahoo.com,9163593127
231,Pabustan,Isabelita,B.,HAU,Faculty,,1,,,1,,,,,,,,,,,,,,betteph@yahoo.com,9176094168
232,Pineda,Jaypee,F.,HAU,Faculty,,,,,1,,,,,,,,,,,,,,pinedajaypee.ece@gmail.com,9162973202
233,Serrano,Nerissa,L.,HAU,Faculty,,1,,,1,,,,,,,,,,,1,,1,nerissaserrano@gmail.com,9239787216
234,Tiglao,Hazel,P.,HAU,Faculty,,1,,,1,,,,,,,,,,,,,,hazel_tiglao@yahoo.com,9064011914
235,Tolentino,Gabriel,T.,HAU,Faculty,,1,,,1,,,,,,,,,,,,,,gabrielttolentino@gmail.com,9152104153
236,Vergel,Sinio,D.,HAU,Faculty,,,,,1,,,,,,,,,,,,,,vsinio@yahoo.com,9328845707
237,Yunun,Joseph,A.,HAU,Faculty,,1,,,1,,,,,,,,,,,,,,engr_otep@yahoo.com,9173567276
238,Tan,Mary Kathreen,,Kyocera,Engineer,,1,1,1,,,,,,,,,,,,,,,MaryKathreen.Tan@ddp.kyocera.com,9184968485
239,Guevarra,Arjeus,,LATTICE,Design Engineer,,,,,,,1,1,,,,,,,,,,,Arjeus.Guevarra@latticesemi.com,9178065895
240,Labuac,Geoffrey,,LATTICE,Design Engineer,,,,,,,1,1,,,,,,,,,,,Geoffrey.Labuac@latticesemi.com,9054167679
241,Arreza,Robert,T.,MAPUA,,,,,,,,,,,1,1,,,,,,,,robtomreza@yahoo.com.ph,9367976190
242,Sim,Christopher Jharold,R.,MAPUA,,,,,,,,,,,1,1,,,,,,,,cj_663@yahoo.com,9279464084
243,Rivera,Francis Gabriel,A.,MAPUA,,,,,,,,,,,1,1,,,,,,,,francisgabrielrivera@gmail.com,9157887938
244,Yu,Lanxe Karlstadt,J.,MAPUA,,,,,,,,,,,1,1,,,,,,,,lanxeyu@gmail.com,9189855089
245,Lacanlale,Melissa Lorenz,V.,MAPUA,,,,,,,,,,,1,1,,,,,,,,melissalorenzlacanlale@gmail.com,9058955457
246,Datu,Reuvin Jireh,L.,MAPUA,,,,,,,,,,,1,1,,,,,,,,jaidatu@yahoo.com,9265048410
247,Obliopas,John Ferdinand,E.,MAPUA,,,,,,,,,,,1,1,,,,,,,,jfeobliopas@gmail.com,9471173489
248,Tan,John Paul,M.,MAPUA,,,,,,,,,,,1,,,,,,,,,john_tan07@yahoo.com,9173102364
249,Fidelino,John Francis,F.,MAPUA,,,,,,,,,,,1,1,,,,,,,,francisjan21@yahoo.com,9053119615
250,Ortiz,Mary Ann,C.,MAPUA,,,,,,,,,,,1,,,,,,,,,maryanncortiz@gmail.com,9265601125
251,Pontanares,Sergio,E.,MAPUA,,,,,,,,,,,1,,,,,,,,,gio.pontanares@gmail.com,9065569822
252,Gonda,Harvey Smith,T.,MAPUA,,,,,,,,,,,,1,,,,,,,,harveygonda@yahoo.com.ph,9053959091
253,Abut,Shermaine,C.,MMSU,ECE,April 2015,1,,,1,,,,,,,,,,,,,,shermaineabut@yahoo.com,
254,Acedillo,Juel Ross,R.,MMSU,CpE,April 2016,,,,,,,,,,,,,1,,,,,juel_8@yahoo.com,
255,Addun,Dale,A.,MMSU,ECE,April 2016,,,,,,,,,,,,,1,1,1,1,,daleaddun@gmail.com,
256,Agpaoa,Aristotel Aaaron,C.,MMSU,CpE,April 2016,,,,,,,,,,,,,1,1,1,1,,meds.agpaoa@gmail.com,
257,Ancajas,Andrea Marie,B.,MMSU,CpE,April 2016,,,,,,,,,,,,,1,1,1,1,,zymuppin@gmail.com,
258,Anor,Jaycelle,A.,MMSU,ECE,April 2016,,,,,,,,,,,,,1,1,1,1,,jaycelleanor@yahoo.com,
259,Baguilod,Royal,,MMSU,ECE,April 2015,1,,,1,,,,,,,,,,,,,,rlsb7_2@yahoo.com,
260,Baltazar,Al Duaine,E.,MMSU,ECE,April 2016,,,,,,,,,,,,,1,1,1,1,,duainebaltazar@gmail.com,
261,Barit,Justine Cyril,B.,MMSU,Graduate,,1,,,1,,,,,,,,,,,,,,justinecyrilb@gmail.com,
262,Barlahan,Queenie,S.,MMSU,CoE,April 2015,1,,,1,,,,,,,,,,,,,,itsmequeeniebarlahan@yahoo.com,
263,Basilio,Jan Amico,M.,MMSU,CpE,April 2016,,,,,,,,,,,,,1,1,1,1,,amicobasilio@gmail.com,
264,Benavidez,Caesar Thaddeus,,MMSU,CoE,April 2015,1,,,1,,,,,,,,,,,,,,ceasar_benavidez09@yahoo.com,
265,Bondoc,Lady Yvette,I.,MMSU,Graduate,,1,,,1,,,,,,,,,,,,,,ladyyvetteibeabondoc@gmail.com,
266,Cabildo,Jennivive,P.,MMSU,CoE,April 2015,1,,,1,,,,,,,,,,,,,,cabildo.jennivive@yahoo.com,
267,Cagampang,Earl Joshua,S.,MMSU,Graduate,,1,,,1,,,,,,,,,,,,,,ej_cagampang@yahoo.com,
268,Cajimat,Jerome Hasley,V.,MMSU,CpE,April 2016,,,,,,,,,,,,,1,1,1,1,,j_hash06@yahoo.com,
269,Calaro,Shaira Mae,F.,MMSU,CoE,April 2015,1,,,1,,,,,,,,,,,,,,shairamaecalaro@gmail.com,
270,Calivozo,Jezza-Mae,Q.,MMSU,CpE,April 2016,,,,,,,,,,,,,1,1,1,1,,jezzamae_calivoso@yahoo.com,
271,Camalig,Kimberly Joy,M.,MMSU,Graduate,,1,,,1,,,,,,,,,,,,,,kimberlycamalig@gmail.com,
272,Carino,Engelbert,T.,MMSU,CpE,April 2016,,,,,,,,,,,,,1,1,1,1,,skyprince018@gmail.com,
273,Clavo,Faye Leen,,MMSU,CoE,April 2015,1,,,1,,,,,,,,,,,,,,pintaspaye09@gmail.com,
274,Cristobal,Christine,,MMSU,CoE,April 2015,1,,,1,,,,,,,,,,,,,,christinecristobal2009@yahoo.com,
275,Curameng,Venice Jane,F.,MMSU,ECE,April 2016,,,,,,,,,,,,,1,1,1,1,,venicecur@gmail.com,
276,Dumbrique,James Gerald,C.,MMSU,ECE,April 2016,,,,,,,,,,,,,1,1,1,1,,jamesgerald.inc@gmail.com,
277,Gaces,Dennis,,MMSU,CoE,April 2015,1,,,1,,,,,,,,,,,,,,dennisgaces@yahoo.com,
278,Galangera,Michelle,,MMSU,CoE,April 2015,1,,,1,,,,,,,,,,,,,,michellegalangera@gmail.com,
279,Galapia,Jhon Marcky,,MMSU,CoE,April 2015,1,,,1,,,,,,,,,,,,,,jhonmarckyg@yahoo.com,
280,Ganotisi,Allan James,G.,MMSU,ECE,April 2016,,,,,,,,,,,,,1,1,1,1,,allanjames.ganotisi@yahoo.com.ph,
281,Ganotisi,Hailyn Gay,D.,MMSU,ECE,April 2015,1,,,1,,,,,,,,,,,,,,iahzed30@gmail.com,
282,Hernando,Arvin Jae,S.,MMSU,CpE,April 2016,,,,,,,,,,,,,1,1,1,1,,jaearvin_15@yahoo.com,
283,Ibale,Jerald,,MMSU,ECE,April 2015,1,,,,,,,,,,,,,,,,,jadrel.ibale@yahoo.com,
284,Ibarra,Fidel,,MMSU,CoE,April 2015,1,,,1,,,,,,,,,,,,,,fidelibarra_123@yahoo.com,
285,Lagan,Mark Anthony,C.,MMSU,ECE,April 2016,,,,,,,,,,,,,1,1,1,1,,laganmarkanthony@gmail.com,
286,Lazo,Johnrick-Dave,,MMSU,ECE,April 2015,1,,,,,,,,,,,,,,,,,coachjdl_07@yaoo.com,
287,Lopez,Mark Herry,,MMSU,ECE,April 2015,1,,,1,,,,,,,,,,,,,,markherry.lopez@yahoo.com,
288,Macatumbas,Ryan Ruzzel,H.,MMSU,CpE,April 2016,,,,,,,,,,,,,1,1,1,1,,rryanhermoso@gmail.com,
289,Mariano,Lhean,,MMSU,ECE,April 2015,1,,,,,,,,,,,,,,,,,marianolhean@gmail.com,
290,Ortiz,Jemarose,F.,MMSU,CpE,April 2016,,,,,,,,,,,,,1,1,1,1,,jhemar0s3_0617@yahoo.com,
291,Palma,Daniel Romulo,I.,MMSU,CpE,April 2016,,,,,,,,,,,,,1,1,1,1,,fyconspiracies@gmail.com,
292,Peroche,Ivy Verity,R.,MMSU,CoE,April 2015,1,,,1,,,,,,,,,,,,,,verity_p26@yahoo.com,
293,Pucan,Shane,B.,MMSU,ECE,April 2016,,,,,,,,,,,,,1,1,1,1,,sp.chaospip@gmail.com,
294,Rafanan,Kriziel,G.,MMSU,CoE,April 2015,1,,,1,,,,,,,,,,,,,,kriziel_rafanan@yahoo.com,
295,Reyes,Melchor Lian,A.,MMSU,ECE,April 2016,,,,,,,,,,,,,1,1,1,1,,micoareyes@gmail.com,
296,Ruiz,Joshua Zenox,R.,MMSU,CpE,April 2016,,,,,,,,,,,,,1,1,1,1,,zenoxruiz@gmail.com,
297,Sagadraca,Christian,A.,MMSU,CpE,April 2016,,,,,,,,,,,,,1,1,1,1,,christian.sagadraca@yahoo.com,
298,Simon,Jerone,L.,MMSU,CoE,April 2015,1,,,1,,,,,,,,,,,,,,jeronels94@gmail.com,
299,Simon,Pricilla Faye,T.,MMSU,ECE,April 2016,,,,,,,,,,,,,1,1,1,1,,faye.simon54@yahoo.com,
300,Sina,Bengie,,MMSU,CoE,April 2015,1,,,1,,,,,,,,,,,,,,bebebengies@gmail.com,
301,Sugui,Adrian Niel,P.,MMSU,CpE,April 2016,,,,,,,,,,,,,1,1,1,1,,adrianniel.24@gmail.com,
302,Tabares,Clifford Jr.,D.,MMSU,Graduate,,1,,,1,,,,,,,,,,,,,,tabaresclifford@gmail.com,
303,Tamayo,Karlo,C.,MMSU,ECE,April 2016,,,,,,,,,,,,,1,1,1,1,,kctammy11@yahoo.com,
304,Tomas,Javer,R.,MMSU,CpE,April 2016,,,,,,,,,,,,,1,1,1,1,,javer.tomas@gmail.com,
305,Urmeneta,Ian,U.,MMSU,ECE,April 2016,,,,,,,,,,,,,1,1,1,1,,astral0726@gmail.com,
306,Ventura,Feleeh-Anne,M.,MMSU,CpE,April 2016,,,,,,,,,,,,,1,1,1,1,,feleeh_anne@yahoo.com,
307,Viernes,Nelson Jr.,G.,MMSU,CpE,April 2016,,,,,,,,,,,,,1,1,1,1,,lzahnelsawn02@gmail.com,
308,Viloria,Annalou,R.,MMSU,CoE,April 2015,1,,,1,,,,,,,,,,,,,,annalou.viloria@gmail.com,
309,Vitamog,Mary Rose,A.,MMSU,CoE,April 2015,1,,,1,,,,,,,,,,,,,,MEG_vitamog@yahoo.com,
310,Vite,Jhondy,E.,MMSU,CpE,April 2016,,,,,,,,,,,,,1,1,1,1,,cadburrymark@gmail.com,
311,Santos,Aljay,,MMSU,MMSU Faculty/PIIC Immersion,,1,,,,,,,1,1,,,,,,,,,tyson_snts@yahoo.com,9175495208
312,Nicolas,Meynard,C.,MMSU,MMSU Faculty/ PIIC Immersion,,,,,,,,,,,,,,,,1,1,,franzxr@yahoo.com,9198485349
313,Tambogon,Diana Rose,A.,MMSU,MMSU Faculty/PIIC Immersion,,,,,,,,,1,1,,,,,,,,,danaya_roze@yahoo.com,9078540042
314,Aranda,Paul John,,MMSU,ECE- 4th,,,,,,1,,,,,,,,,,,,,pauljhonoranda@gmail.com,9278673651
315,Gamurot,Vanessa,T.,MMSU,ECE- 4th,,,,,,1,,,,,,,,,,,,,gamurot_vanessa@yahoo.com,9352098232
316,Que,Francis,O.,MMSU,MMSU Faculty/PIIC Immersion,,,,,,1,,,,,,,,,,1,1,,franzxr@yahoo.com,9198485349
317,Lowaton,Allen,D.,MSU-IIT,Faculty,,,,,,,,,,,,,,,,,,1,allen_lowaton@yahoo.com,9166236566
318,Capilayan,Mycel,A.,MSU-IIT,Faculty,,,,,,,,,,1,1,1,1,,,,,,mycel22@gmail.com,9494111983
319,Jimenez,Kister Genesis,M.,MSU-IIT,Faculty,,,,,,,,,,1,1,1,1,,,,,,engkan2kit@gmail.com,
320,Abad,Davie Mae,G.,MSU-IIT,ECE,Apr-2015,,,,,,,,,1,1,,,,,,,,daviemgabad@gmail.com,
321,Acut,Rhea Vanessa,P.,MSU-IIT,ECE,Apr-2015,,,,,,,,,1,1,,,,,,,,rhvnss8@gmail.com,
322,Adrivan,Kriz Kevin,C.,MSU-IIT,ECE,Dec-2015,,,,,,,,,1,1,,,,,,,,adrivankriz@gmail.com,
323,Albarracin,Renee Anne,V.,MSU-IIT,ECE,Dec-2015,,,,,,,,,1,1,,,,,,,,reneeanne.albarracin@g.msuiit.edu.ph,
324,Almerol,Abraham,H.,MSU-IIT,ECE,Jun-2016,,,,,,,,,1,1,,,,,,,,maxwell.research@gmail.com,
325,Andam,Mark Eric,C.,MSU-IIT,BSECE/4th Year,,,,,,,,,,,,1,1,,,,,,markeric15@gmail.com,
326,Arellano,Aileen Chris,C.,MSU-IIT,BSECE/MS,,,,,,,,,,1,,1,1,,,,,1,aileenchris.arellano@gmail.com,9155663509
327,Auguis,Daryl,S.,MSU-IIT,ECE,Apr-2015,,,,,,,,,1,1,,,,,,,,daryl.auguis@gmail.com,
328,Barrientos,Ben,L.,MSU-IIT,BSECE/5th Year,,,,,,,,,,,,1,1,,,,,,bhynxz@gmail.com,
329,Bautista,Reniel Joseph,E.,MSU-IIT,ECE,Jun-2016,,,,,,,,,1,1,,,,,,,,bautista.reniel@gmail.com,
330,Benitez,Jesca,R.,MSU-IIT,ECE,Jun-2016,,,,,,,,,1,1,,,,,,,,jescabenitez@yahoo.com,
331,Berido,Rovil,S.,MSU-IIT,BSECE/MS,,,,,,,,,,,,1,1,,,,,,berido.rovilsaga@gmail.com,
332,Beron,Blesshe Mae,B.,MSU-IIT,ECE,Apr-2015,,,,,,,,,1,1,,,,,,,,maeberon@gmail.com,
333,Borromeo,Justine Cris,B.,MSU-IIT,ECE,Apr-2015,,,,,,,,,1,1,,,,,,,,justinecrisb@gmail.com,
334,Cader,Mohamad Fahad,M.,MSU-IIT,BSECE/4th Year,,,,,,,,,,,,1,1,,,,,,mohamadfahad.cader@gmail.com,
335,Calimpusan,Re-Ann Cristine,O.,MSU-IIT,BSECE/MS,,,,,,,,,,,,1,1,,,,,,arrec2010@gmail.com,
336,Canja,Charlene Mae,P.,MSU-IIT,BSECE/5th Year,,,,,,,,,,,,1,1,,,,,,chazzycanja@gmail.com,
337,Cesar,Miracel June,G.,MSU-IIT,BSECE/5th Year,,,,,,,,,,,,1,1,,,,,,miraceljune@yahoo.com,
338,Corado,Edsel Adelbert,B.,MSU-IIT,BSCOE/4th Year,,,,,,,,,,,,1,1,,,,,,edseladelbert@live.com.ph,
339,Corgue,Darwen,C.,MSU-IIT,ECE,Jun-2016,,,,,,,,,1,1,1,1,,,,,,darwencorgue@yahoo.com,
340,Cuartero,Patrick Dale,G.,MSU-IIT,ECE,Jun-2017,,,,,,,,,1,1,1,1,,,,,,patrickdale.cuartero@gmail.com,
341,Doldolea,Theresa Jean,D.,MSU-IIT,ECE,Apr-2015,,,,,,,,,1,1,,,,,,,,theresa.jean.doldolea@gmail.com,
342,Duhaylungsod,Varrie,T.,MSU-IIT,ECE,Apr-2015,,,,,,,,,1,1,,,,,,,,duhaylungsodvarrie@gmail.com,
343,Dura,Krisha Dawn,J.,MSU-IIT,ECE,Apr-2015,,,,,,,,,1,1,,,,,,,,dawn.krisha@gmail.com,
344,Escabal,Ingrid,B.,MSU-IIT,BSECE/MS,,,,,,,,,,,,1,1,,,,,,ingrid.escabal@gmail.com,
345,Esic,John Ray,M.,MSU-IIT,MS Student,,,,,,,,,,1,,,,,,,,1,jhonray_esic@yahoo.com,9358691718
346,Gabutan,Jeonalyn,N.,MSU-IIT,ECE,Jun-2016,,,,,,,,,1,1,1,1,,,,,,jgabutan@gmail.com,
347,Gahisan,Alandale,E.,MSU-IIT,BSECE/5th Year,,,,,,,,,,,,1,1,,,,,,alandale52@gmail.com,
348,Gamo,Rafael Teodoro,S.,MSU-IIT,ECE,Dec-2015,,,,,,,,,1,1,1,1,,,,,,rafgamo@gmail.com,
349,Gaudiel,Michael Romeo,S.,MSU-IIT,ECE,Apr-2015,,,,,,,,,1,1,,,,,,,,michaelromeogaudiel@gmail.com,
350,Gonzales,Gerfel Philip,C.,MSU-IIT,BSECE/4th Year,,,,,,,,,,,,1,1,,,,,,gerfelphilip.gonzales@g.msuiit.edu.ph,
351,Guinomla,Harris,W.,MSU-IIT,ECE,Dec-2015,,,,,,,,,1,1,,,,,,,,harriswong112@gmail.com,
352,Imperial,Sushmita May,M.,MSU-IIT,BSECE/5th Year,,,,,,,,,,,,1,1,,,,,,taitenimperial@gmail.com,
353,Israel,Julius Francis,M.,MSU-IIT,BSECE/MS,,,,,,,,,,,,1,1,,,,,,jfrancisco7980@yahoo.com,
354,Jacosalem,Ramon Mikhail,P.,MSU-IIT,ECE,Jun-2016,,,,,,,,,1,1,1,1,,,,,,ramonmikhailjacosalem@gmail.com,
355,Jayme,Joseph Bonnin,L.,MSU-IIT,BSCOE/4th Year,,,,,,,,,,,,1,1,,,,,,radian.zero@gmail.com,
356,Jilluh,Qadier,I.,MSU-IIT,MS Student,,,,,,,,,,1,,,,,,,,,,
357,Linan,Nice Lalace,J.,MSU-IIT,ECE,Jun-2015,,,,,,,,,1,1,,,,,,,,nicelalace@yahoo.com,
358,Maglinte,Kevin,O.,MSU-IIT,ECE,Apr-2015,,,,,,,,,1,1,1,1,,,,,,maglintekevin@gmail.com,
359,Minaga,Camsia Jr.,M.,MSU-IIT,ECE,Apr-2015,,,,,,,,,1,,,,,,,,,camsia.minaga@gmail.com,
360,Nabangue,Sushimae,M.,MSU-IIT,ECE,Dec-2015,,,,,,,,,1,1,,,,,,,,sushi_mae@yahoo.com.ph,
361,Nabua,Chrizia Mae,B.,MSU-IIT,ECE,Apr-2015,,,,,,,,,1,1,,,,,,,,chrizia04@gmail.com,
362,Ondoy,Alyanna Jeane,C.,MSU-IIT,ECE,Apr-2015,,,,,,,,,1,1,,,,,,,,alyannajeane@gmail.com,
363,Pelayo,Cary Mark,L.,MSU-IIT,BSECE/MS,,,,,,,,,,,,1,1,,,,,,cmlp_2011@yahoo.com,
364,Piandong,Dessa,L.,MSU-IIT,ECE,Apr-2015,,,,,,,,,1,1,,,,,,,,dpluar@gmail.com,
365,Quinalayo,Johanna Mae,B.,MSU-IIT,ECE,Apr-2015,,,,,,,,,1,1,,,,,,,,jomae09@gmail.com,
366,Tan,Khryzel Mae,P.,MSU-IIT,BSECE/5th Year,,,,,,,,,,,,1,1,,,,,,khryzelmae_tan@yahoo.com,
367,Tecson,Benjamin Michael,T.,MSU-IIT,ECE,Jun-2016,,,,,,,,,1,1,,,,,,,,benjaminmichael.tecson@gmail.com,
368,Tenido,Peter Michael,D.,MSU-IIT,ECE,Dec-2015,,,,,,,,,1,1,1,1,,,,,,zxyt1@yahoo.com,
369,Vargas,Judy Ann,B.,MSU-IIT,BSCOE/4th Year,,,,,,,,,,,,1,1,,,,,,judyann.vargas@g.msuiit.edu.ph,
370,Vergara,Thesa,L.,MSU-IIT,BSECE/MS,,,,,,,,,,,,1,1,,,,,,thesay_0822@yahoo.com,
371,Yting,Jan Marie,B.,MSU-IIT,ECE,Jun-2016,,,,,,,,,1,1,,,,,,,,janmarieyting@gmail.com,
372,Yu,Lucille,G.,MSU-IIT,BSCOE/4th Year,,,,,,,,,,,,1,1,,,,,,lucilleyu8@gmail.com,
373,Lopez,Gerard Gian,A.,NU,CpE- 4th,,,,,,1,,,,,,,,,,,,,gerardgian@yahoo.com,9162521141
374,Cobrado,Lester Joseph,,NU,CpE- 4th,,,,,,1,,,,,,,,,,,,,lestercobrado_02@yahoo.com,9165057838
375,Tarongoy,Shem Rey,P.,NU,ECE- 4th,,,,,,1,,,,,,,,,,,,,shem.da-rey@gmail.com,9274313983
376,Caprecho,Nolan,V.,NU,ECE- 4th,,,,,,1,,,,,,,,,,,,,fregkaynea@yahoo.com,9363854131
377,Apduhan,J.C.,Z.,NU,Instructor,,,,,,1,,,,,,,,,,,,,jcapduhan85@gmail.com,9092732694
378,Abellera,Shawn Theodore,S.,SLU,ECE,June 2015,1,,,1,,,,,,,,,,,1,,,thepotatoicecream@gmail.com,
379,Acosta,Drazen Jake,M.,SLU,ECE,June 2015,1,,,1,,,,,,,,,,,1,,,drazenjake@me.com,
380,Alberto,Arch John,A.,SLU,ECE,June 2015,1,,,1,,,,,,,,,,,1,,,thejay420.12921@gmail.com,
381,Almerol,Dionisio Jr.,S.,SLU,ECE,June 2015,1,,,1,,,,,,,,,,,1,,,dionisio_almerol@yahoo.com,
382,Atijera,Beverly,D.,SLU,ECE,June 2015,1,,,1,,,,,,,,,,,1,,,aries22bev@yahoo.com,
383,Botardo,Jansen Rhys,P.,SLU,ECE,June 2015,1,,,1,,,,,,,,,,,1,,,jrbotardo@gmail.com,
384,Calimlim,Arvie Mae,T.,SLU,ECE,June 2015,1,,,1,,,,,,,,,,,1,,,atmc_38@yahoo.com,
385,Calip,Kenneth Paul,G.,SLU,ECE,June 2015,1,,,1,,,,,,,,,,,1,,,kpgcalip@yahoo.com,
386,Cansino,Ma. Arvina,S.,SLU,ECE,June 2015,1,,,1,,,,,,,,,,,1,,,cute_arvina13@yahoo.com,
387,Dacpano,Jeremee,M.,SLU,ECE,June 2015,1,,,1,,,,,,,,,,,1,,,kj_dacpano@yahoo.com,
388,David,Johnfel,E.,SLU,ECE,June 2015,1,,,1,,,,,,,,,,,,,,Engineerjedavid@yahoo.com,
389,Dela Cruz,Cesar Jr.,C.,SLU,ECE,June 2015,1,,,1,,,,,,,,,,,,,,bumblebee_5542@yahoo.com,
390,De Vera,Ruth Chris,C.,SLU,ECE,June 2015,1,,,1,,,,,,,,,,,1,,,darknovelist_11@yahoo.com,
391,Echave,Lloyd Nysler,J.,SLU,ECE,June 2015,1,,,1,,,,,,,,,,,1,,,lloydechave@gmail.com,
392,Garcia,Mark Bernard,R.,SLU,ECE,June 2015,1,,,1,,,,,,,,,,,1,,,brrrrrrrrn@gmail.com,
393,Garcia,John Charles,T.,SLU,ECE,June 2015,1,,,1,,,,,,,,,,,1,,,johncharles_garcia@yahoo.com,
394,Gattud,Winter Hope,F.,SLU,ECE,June 2015,1,,,1,,,,,,,,,,,1,,,infinityorotherwise@yahoo.com,
395,Paz,Carmelo Julius,C.,SLU,ECE,June 2015,1,,,1,,,,,,,,,,,1,,,Siege25sage@yahoo.com,
396,Picpican,Khim Gerard,S.,SLU,ECE,June 2015,1,,,1,,,,,,,,,,,1,,,picpicankgs@yahoo.com,
397,Roque,Krista Karla,O.,SLU,ECE,June 2015,1,,,1,,,,,,,,,,,1,,,kristakarlaroque@yahoo.com,
398,Sanchez,Jan Darren,D.,SLU,ECE,June 2015,1,,,1,,,,,,,,,,,1,,,darrensanchezofficial@gmail.com,
399,Sindayen,Aldrinico,V.,SLU,ECE,June 2015,1,,,1,,,,,,,,,,,1,,,aldrin_fb21@yahoo.com,
400,Sison,Sylvanus,I.,SLU,ECE,June 2015,1,,,1,,,,,,,,,,,1,,,syan583@yahoo.com,
401,Soriano,Amanda,R.,SLU,ECE,June 2015,1,,,1,,,,,,,,,,,1,,,amandasoriano_18@yahoo.com,
402,Sotelo,Noriel Louis,Q.,SLU,ECE,June 2015,1,,,1,,,,,,,,,,,1,,,marklynceusrider@yahoo.com,
403,Teja,Arjay Orlando Jr.,E.,SLU,ECE,June 2015,1,,,1,,,,,,,,,,,1,,,arjayteja@yahoo.com,
404,Turqueza,Gerald,G.,SLU,ECE,June 2015,1,,,1,,,,,,,,,,,1,,,geraldturqueza@gmail.com,
405,Xu,Noemey,N.,SLU,ECE,June 2015,1,,,1,,,,,,,,,,,1,,,yemeon09@gmail.com,
406,Ambaloc,Menandro,,SLU,Faculty,,1,,,1,,,,,,,,,,,1,,,mambaloc@slu.edu.ph,9174566301
407,Cagaoan,Michael,A.,SLU,Faculty,,1,,,1,,,,,,,,,,,1,,,mcagaoan@slu.edu.ph,9066623530
408,Garcia,Janry,V.,SLU,Faculty,,1,,,1,,,,,,,,,,,,,,janry.garcia@yahoo.com,9176206177
409,Aguilar,Clint,S.,UB,BS CoE - 4,"December, 2016",1,,,1,,,,,,,1,1,,,1,1,,aguilarclint62@yahoo.com,
410,Alaba,Jamaica,A.,UB,BS CoE - 4,"May, 2016",1,,,1,,,,,,,1,1,,,1,1,,jam.alaba@ymail.com,
411,Alegre,Bianca Mae,,UB,BS ECE - 5,"December, 2014",1,,,1,,,,,,,,,,,,,,biancaalegre@gmail.com,
412,Antonio,Jolly Mae,A.,UB,BS COE/3rd Year,,,,,,,,,,,,1,1,,,,,,antoniojollymae@yahoo.com,
413,Arce,John Paul,S.,UB,BS CoE - 4,"May, 2016",1,,,,,,,,,,1,1,,,,,,johnpaul4474@gmail.com,
414,Atubang,Wilson,A.,UB,BS CoE - 4,"May, 2016",1,,,1,,,,,,,1,1,,,1,1,,wlsn864@gmail.com,
415,Balas,Marlon Jr.,S.,UB,BS ECE - 5,"December, 2014",1,,,1,,,,,,,,,,,,,,marlonbalasjr@gmail.com,
416,Batistis,Romulo,R.,UB,BS COE/3rd Year,,,,,,,,,,,,1,1,,,,,,romulobatistis@gmail.com,
417,Bawalan,Vernon Gil,,UB,BS CoE - 4,"December, 2017",1,,,1,,,,,,,,,,,1,1,,dylannon_22@yahoo.com,
418,Benis,Junbert,S.,UB,BS COE/3rd Year,,,,,,,,,,,,1,1,,,,,,nnnjuu@yahoo.com,
419,Bondad,Jefferson,T.,UB,BS CoE - 4,"May, 2016",1,,,1,,,,,,,1,1,,,1,1,,bondadjef@yahoo.com,
420,Butigan,Melchor,B.,UB,BS CoE - 4,"May, 2016",1,,,1,,,,,,,1,1,,,1,1,,butiganmelchor@yahoo.com,
421,Cacas,Angela,M.,UB,BS ECE - 3,"May, 2017",,,,,,,,,,,,,,,1,1,,kooka_doodle24@hotmail.com,
422,Calabias,Feler,B.,UB,BS ECE/4th Year,,,,,,,,,,,,1,1,,,,,,felercalabias@gmail.com,
423,Cortez,Kareen,B.,UB,BS ECE - 4,"May, 2016",,,,,,,,,,,1,1,,,1,1,,reentez12345@gmail.com,
424,De Guzman,Reymark,P.,UB,BS ECE - 4,"May, 2016",,,,,,,,,,,1,1,,,1,1,,vista20693@yahoo.com,
425,Desierto,Jhoren Paul,P.,UB,BS COE/3rd Year,,,,,,,,,,,,1,1,,,,,,jp_desierto@yahoo.com,
426,Dion,Kimberly,G.,UB,BS ECE - 3,"May, 2017",,,,,,,,,,,,,,,1,1,,kill_kultz@yahoo.com,
427,Elio,Jasper Jay,S.,UB,BS CoE - 4,"May, 2016",1,,,1,,,,,,,,,,,,,,eliojasperjay@yahoo.com,
428,Estoque,Gervin,C.,UB,BS COE/3rd Year,,,,,,,,,,,,1,1,,,,,,nivregeuqotse@yahoo.com.ph,
429,Estorco,Gig,R.,UB,BS CoE - 5,"May, 2016",1,,,1,,,,,,,,,,,1,1,,gigestorco@yahoo.com,
430,Flavier,Ericson,,UB,BS CoE - 5,"May, 2016",1,,,1,,,,,,,1,1,,,,,,ericson_flavier@yahoo.com .ph,
431,Heruela,Elmer,S.,UB,BS COE/4th Year,,,,,,,,,,,,1,1,,,,,,elmer_heruela@yahoo.com,
432,Jacildone,Kevin Christopher,D.,UB,BS COE/5th Year,,,,,,,,,,,,1,1,,,,,,kcjacildone@yahoo.com,
433,Javier,Vanessa Joy,,UB,BS ECE - 5,"December, 2014",1,,,1,,,,,,,,,,,,,,javiervanessajoy@yahoo.com,
434,Lebeng,Shawn,B.,UB,BS ECE - 3,"May, 2017",,,,,,,,,,,,,,,1,1,,rlebeng@yahoo.com,
435,Ledina,John Patrick,B.,UB,BS CoE - 4,"May, 2016",1,,,1,,,,,,,,,,,1,1,,patriotix08@gmail.com,
436,Leo,Martin,P.,UB,BS COE/4th Year,,,,,,,,,,,,1,1,,,,,,leo875thin@hotmail.com,
437,Liclican,Wayne Toshe,I.,UB,BS CoE - 4,"May, 2016",1,,,1,,,,,,,1,1,,,1,1,,lclcn@yahoo.com,
438,Likinio,Vannesa,T.,UB,BS COE/4th Year,,1,,,1,,,,,,,1,1,,,,,,likiniovannesa@gmail.com,
439,Lodia,Jovanni Rex,N.,UB,BS ECE - 5,"December, 2014",1,,,1,,,,,,,,,,,,,,jrex_lodia@yahoo.com,
440,Lonod,Jeric,,UB,BS ECE - 5,,1,,,1,1,,,,,,,,,,,,,splenter_jeric@yahoo.com,
441,Mesia,Eric,M.,UB,BS CoE - 5,"December, 2015",1,,,1,,,,,,,,,,,,,,mesiaeric@rocketmail.com,
442,Militar,Francis,M.,UB,BS CoE - 4,"December, 2015",1,,,1,,,,,,,,,,,,,,francismilitar@yahoo.com,
443,Monico,Julius Caesar,D.,UB,BS COE/3rd Year,,,,,,,,,,,,1,1,,,,,,jcdm120895@gmail.com,
444,Nisperos,Efraine Sherrine,A.,UB,BS CoE - 4,"May, 2016",1,,,1,,,,,,,1,1,,,1,1,,efrainesherrine_nesperos@yahoo.com,
445,Obedoza,Klaudine June,G.,UB,BS COE/3rd Year,,,,,,,,,,,,1,1,,,,,,klaudinejuneobedoza@yahoo.com,
446,Ose,Joel,L.,UB,BS ECE - 5,"May, 2015",1,,,1,1,,,,,,,,,,,,,splenter_jeric@yahoo.com,9266336132
447,Pinading,Allen,B.,UB,BS ECE - 5,"December, 2014",1,,,1,,,,,,,,,,,,,,allenpinading@yahoo.com,
448,Quevedo,Ross Joseph,G.,UB,BS ECE - 3,"May, 2017",,,,,,,,,,,,,,,1,,,josephrossquevedo@gmail.com,
449,Rapanut,Hezekiah,E.,UB,BS ECE - 5,"May, 2015",1,,,1,,,,,,,,,,,1,1,,hezekiahrapanut@yahoo.com,
450,Recto,Andrew,D.,UB,BS ECE - 4,"May, 2016",,,,,,,,,,,,,,,1,1,,recto.andrew@yahoo.com,
451,Reyes,Alfred,,UB,BS ECE - 5,"December, 2014",1,,,1,,,,,,,,,,,,,,mouzzie07@gmail.com,
452,Rosete,Jorgen,L,UB,BS CoE - 4,"May, 2016",1,,,1,,,,,,,1,1,,,1,1,,jorgenrosete@yahoo.com,
453,Sales,Mark Gabriel,A.,UB,BS CoE- 4,"December, 2016",1,,,1,,,,,,,,,,,1,1,,markgab12.ms@gmail.com,
454,Simbulan,Ronald,F.,UB,BS CoE - 4,"May, 2016",1,,,1,,,,,,,,,,,1,1,,nald_lovehates20@yahoo.com,
455,Singwa,Melvin Jay,B.,UB,BS COE/3rd Year,,,,,,,,,,,,1,1,,,,,,luxsanctus21@gmail.com,
456,Sun,Marie Rose,,UB,BS ECE - 5,"December, 2014",1,,,1,,,,,,,,,,,,,,sunmarierose@ymail.com,
457,Vendiola,Joyce,F.,UB,BS COE/3rd Year,,,,,,,,,,,,1,1,,,,,,vincent_vendiola3@yahoo.com,
458,Ventura,Romualdo Jr.,B.,UB,BS CoE - 4,"May, 2016",1,,,1,,,,,,,1,1,,,1,1,,rojun017@gmail.com,
459,Victor,Karen Grace,C.,UB,BS CoE - 4,"May, 2016",1,,,1,,,,,,,1,1,,,1,1,,karengracevictor@yahoo.com,
460,Villanueva,Jelyn,,UB,BS CoE - 4,"December, 2014",1,,,1,,,,,,,,,,,,,,jyj_kane@yahoo.com,
461,Saong,Jeferd,E.,UB,Faculty,,1,,,1,,,,,,,,,,,,,,sweferd@yahoo.com,9999976714
462,Valdez,Victor,,UB,Faculty,,,,,,,,,,,,,,,,,1,,crushvic@yahoo.com,9088154892
463,Montecarlo,Jeffery Luck,,UB,Professor,,,,,,1,,,,,,,,,,,,,jlmonteclaro@yahoo.com,9267244977
464,Panes,Alyzza Mae,D.,UPD,MS Student,,,,,,,,,,,,,,,,,,1,alyzzamae.panes@gmail.com,9423834871
465,Lopez,Glenn Vincent,C.,UPD,MS Student,,,,,,,,,,,,,,,,,,1,glennvincentlopez@gmail.com,9175370216
466,Lopez,Aristotle,D.,UPD,MS Student,,,,,,,,,,,,,,,,,,1,totlelopez@gmail.com,9496105419
467,Tiglao,Hazel,P.,UPD,Faculty,,,,,,,,,,,,,,,,,,1,hazel_tiglao@yahoo.com,9064011914
468,Bote,Bianca,,UPD,BS-CpE/5th Yr.,,,,,,,1,1,,,,,,,,,,,bgbote@piic.org.ph,9178531023
469,Guevara,Joe,,UPD,BS-CpE/5th Yr.,,,,,,,1,,,,,,,,,,,,g_joe_guevara@yahoo.com,9173296722
470,Ng,Joel,,UPD,BS-CpE/5th Yr.,,,,,,,1,,,,,,,,,,,,jlng@up.edu.ph,9159888841
471,Legaspi,Patrice,,UPD,MSEE,,,,,,,1,1,,,,,,,,,,1,padlegaspi@gmail.com,9175513964
472,Sayson,Don,,UPD,BS-CpE/5th Yr.,,,,,,,1,1,,,,,,,,,,,don.sayson@yahoo.com,9198158100
473,Khan,Kevin,,UPD,BS-CpE/5th Yr.,,,,,,,1,1,,,,,,,,,,,khnkvn@gmail.com,9157021404
474,Abao,Tom Anthony,L.,USC,BSCOE/4th Year,,,,,,,,,,,,,,1,1,,,,abao_tom@yahoo.com.ph,
475,Abuan,Mikhail Karlo,D.,USC,CoE,,1,1,1,,,,,,,,,,,,,,,mikz.abuan@gmail.com,
476,Alcones,Cesar Vic,P.,USC,ECE,,,,,,,,,,,,,,,,1,1,,chichawvhic@yahoo.com,
477,Alcos Jr.,Hermogenes,P.,USC,BSECE/4th Year,,,,,,,,,,,,,,1,1,,,,treembarkment@gmail.com,
478,Alistado,Jules,S.,USC,BSECE/4th Year,,,,,,,,,,,,,,1,1,1,1,,alistadoj@gmail.com,
479,Amistad,Nicole,V.,USC,ECE,March 2016,,,,,,,,,,,1,1,,,,,,nicoleeeamistad@gmail.com,
480,Aquino,Gian Paolo,B.,USC,BSECE/4th Year,,,,,,,,,,,,,,1,1,1,1,,aquinogian26@gmail.com,
481,Arcamo,Albert Kenneth Jr.,Y.,USC,ECE,,1,1,1,,,,,,,,,,,,,,,akarcamo@gmail.com,
482,Augusto,Andre-Luciano,P.,USC,BSECE/4th Year,,,,,,,,,,,,,,1,1,1,1,,alpaugusto@gmail.com,
483,Bacalando,Kim Wilton,L.,USC,BSECE/5th Year,,,,,,,,,,,,1,1,1,1,1,1,,kimton94@yahoo.com,
484,Baliguat,Shara Camille,C.,USC,BSCOE/4th Year,,,,,,,,,,,,,,1,1,,,,leafe_knightsgaara@yahoo.com,
485,Barrida,Ed Carlo,C.,USC,CoE,,1,1,1,,,,,,,,,,,,,,,edcarlob@gmail.com,
486,Belderol,Mark Herbert,S.,USC,CoE,,1,1,1,,,,,,,,,,,,,,,markbelderol19@gmail.com,
487,Bicoy,Jay Ryan,D.,USC,ECE/MS,,,,,,,,,,,,,,,,1,1,,jrbicoy.fon@gmail.com,
488,Borces,Marianne Grace,M.,USC,CoE,,1,1,1,,,,,,,,,,,,,,,marianne.m.borces@gmail.com,
489,Borres,Louis Rommel,B.,USC,BSECE/3rd Year,,,,,,,,,,,,,,1,1,1,1,,alerun247@gmail.com,
490,Cabilo,Mark Anthony,,USC,ECE,,,,,,,,,,,,,,,,1,,,cabilo.markanthony@gmail.com,
491,Campanera,Jan Dave,A.,USC,CoE,March 2016,,,,,,,,,,,1,1,,,,,,jandave_burstout@yahoo.com,
492,Caunda,Joshua Ismael,M.,USC,BSECE/3rd Year,,,,,,,,,,,,,,1,1,1,1,,joshishma24@gmail.com,
493,Condrillon,Mel Harvey,P.,USC,BSECE/5th Year,,,,,,,,,,,,,,1,1,1,1,,nice_guyharvey@yahoo.com,
494,Cortes,Miguel Enrique,S.,USC,CoE,March 2016,,,,,,,,,,,1,1,,,,,,poochoycortes@gmail.com,
495,Cuevas,Kenryoo,W.,USC,CoE,March 2016,,,,,,,,,,,1,1,,,,,,cuevas_kenken@yahoo.com,
496,Dabuet,Edralph,G.,USC,ECE,March 2016,,,,,,,,,,,1,1,,,,,,edabz_12@yahoo.com,
497,Dapiton,Edward  Jr,F.,USC,BSECE/5th Year,,,,,,,,,,,,,,1,1,,,,drawdedapiton@yahoo.com,
498,Dela Peña,Jade Anthony,A.,USC,CoE,,1,1,1,,,,,,,,,,,,,,,jadeanthonydelapena@gmail.com,
499,Elarmo,Jesmar James,Y.,USC,BSECE/5th Year,,1,1,1,,,,,,,,1,1,1,1,1,1,,jhemory@gmail.com,
500,Estela,Janry,A.,USC,ECE,March 2016,,,,,,,,,,,1,1,,,,,,estelajanry@yahoo.com,
501,Fernandez,Melchor John,S.,USC,ECE/MS,,,,,,,,,,,,,,,,1,1,,fernandez_melchorjohn@yahoo.com,
502,Flores,Theresa Jyn,A.,USC,CoE,,1,1,1,,,,,,,,,,,,,,,tj_flores13@yahoo.com,
503,Francia,Angelique,B.,USC,CoE,,1,1,1,,,,,,,,,,,,,,,apfrancia@gmail.com,
504,Ico,Gerald Kim,L.,USC,CoE,,1,1,1,,,,,,,,,,,,,,,icogeraldkim@yahoo.com,
505,Jakosalem,Ken Ambrose,P.,USC,BSECE/5th Year,,,,,,,,,,,,,,1,1,1,1,,boo_shoe2000@yahoo.com,
506,Jungco,Sheila May,E.,USC,BSECE/MS,,,,,,,,,,,,,,1,1,1,1,1,sheilajunco@gmail.com,9432630545
507,Labus,Serc Czione,P.,USC,ECE,,1,1,1,,,,,,,,,,,,,,,sercczionelabus@gmail.com,
508,Lacea,Jaybee,E.,USC,MS,,,,,,,,,,,,,,,,1,1,1,jb_lacea11@yahoo.com,9229255276
509,Lapac,Jan-Allen Paulo,C.,USC,BSECE/5th Year,,,,,,,,,,,,,,1,1,1,1,,Jan.Allen385@gmail.com,
510,Larisma,Ariel,L.,USC,ECE,March 2016,,,,,,,,,,,,1,,,,,,ariel_larisma@yahoo.com,
511,Lasa,Jurgen,L.,USC,CoE,,1,1,1,,,,,,,,,,,,,,,jurgen.lasa@gmail.com,
512,Llames,Gerome Jan,M.,USC,ECE,,,,,,,,,,,,,,,,1,,,geromejanllames@gmail.com,
513,Lopio,Henry II,B.,USC,BSECE/5th Year,,,,,,,,,,,,,,1,1,1,1,,henrylopio@gmail.com,
514,Magalona,Kirk Van,C.,USC,ECE,,1,1,1,,,,,,,,,,,,,,,Crxz2011@yahoo.com,
515,Mangubat,Jeanelyn,A.,USC,ECE,March 2016,,,,,,,,,,,1,1,,,,,,jeanimangubat@yahoo.com,
516,Micarandayo,Justine,T.,USC,ECE,,1,1,1,,,,,,,,,,,,,,,justine_micarandayo@yahoo.com,
517,Mira,Chad Patrick,,USC,ECE,,1,1,1,,,,,,,,,,,,,,,tsaddy16@gmail.com,
518,Moniva,Jerric,G.,USC,ECE,,1,1,1,,,,,,,,,,,,,,,jerimon28_blaze@yahoo.com,
519,Morales,Paul Norman,L.,USC,BSECE/4th Year,,,,,,,,,,,,,,1,1,1,1,,bloodhound021495@gmail.com,
520,Morden,Joevert,A.,USC,BSECE/3rd Year,,,,,,,,,,,,,,1,1,1,1,,iamjoevert@gmail.com,
521,Morris,Richard,R.,USC,CoE,,1,1,1,,,,,,,,,,,,,,,richie_rich6206elmwood@yahoo.com,
522,Novabos,Noniel Paul,A.,USC,BSECE/5th Year,,1,1,1,,,,,,,,1,1,1,1,1,1,,n.novabos@yahoo.com,
523,Ocaba,Iriss Anne,B.,USC,BSCOE/4th Year,,,,,,,,,,,,,,1,1,,,,irissocaba@gmail.com,
524,Olmoquez,Ray Marvin,,USC,ECE,March 2016,,,,,,,,,,,,1,,,,,,marvinolmoquez@yahoo.com,
525,Pada,James Son,G.,USC,ECE,,1,1,1,,1,,,,,,,,,,,,,jamessonpada@gmail.com,9436762723
526,Pascual,Romeo Lazaro,L.,USC,ECE,,1,1,1,,,,,,,,,,,,,,,ohromiyow@gmail.com,
527,Paz,Tyrone Jan,P.,USC,BSECE/5th Year,,,,,,,,,,,,1,1,1,1,1,1,,tyronejanp@yahoo.com,
528,Pepito,Don Patrick,N.,USC,CoE,,1,1,1,,,,,,,,,,,,,,,hahache1456@yahoo.com,
529,Pilapil,Dainela Yve,F.,USC,ECE,March 2016,,,,,,,,,,,1,1,,,,,,dainela.pilapil@yahoo.com,
530,Pintor,Ariel Vicente,M.,USC,ECE,,1,1,1,,,,,,,,,,,,,,,pintor_ariel16@yahoo.com,
531,Punay,Ryan Neil,C.,USC,CoE,March 2016,,,,,,,,,,,1,1,,,,,,ryaneilpunay@gmail.com,
532,Quino,Gladys Claire,A.,USC,CoE,March 2016,,,,,,,,,,,1,1,,,,,,qgladysclaire@hotmail.com,
533,Quinto,Mikko,G.,USC,BSECE/5th Year,,1,1,1,,1,,,,,,1,1,1,1,1,1,,mayku_yen@yahoo.com,9321874283
534,Reyes,Edwin Jude,E.,USC,ECE,,1,1,1,,,,,,,,,,,,,,,ej.reyes222@yahoo.com,
535,Sanchez,Don Michael,R.,USC,BSECE/5th Year,,,,,,,,,,,,1,1,1,1,1,1,,don_sanchez143@yahoo.com.ph,
536,Tamayo,Jedidiah,S.,USC,CoE,March 2016,,,,,,,,,,,1,1,,,,,,jedho07@gmail.com,
537,Tan,Blair Lovewill,D.,USC,BSECE/5th Year,,,,,,,,,,,,,,1,1,1,1,,blair_tansui@yahoo.com,
538,Tanguamos,Cliff Sherwin,R.,USC,ECE,,1,1,1,,,,,,,,,,,,,,,clifftanguamos@yahoo.com,
539,Tarrega,Sierra Claire,S.,USC,BSECE/3rd Year,,,,,,,,,,,,,,1,1,,,,scstarrega@gmail.com,
540,Tiangco,Ayn Cyril,L.,USC,MS,,,,,,,,,,,,,,,,,,1,ayntiangco@gmail.com,9175648241
541,Torayno,Desiree,P.,USC,ECE,March 2016,,,,,,,,,,,1,1,,,,,,torayno_d@yahoo.com,
542,Tropico,Mariel,A.,USC,ECE,March 2016,,,,,,,,,,,1,1,,,,,,mariel_tropico@yahoo.com,
543,Villahermosa,Joshua,V.,USC,BSCOE/4th Year,,,,,,,,,,,,,,1,1,,,,joshv0611@yahoo.com,
544,Villalon,Anna Carmela,R.,USC,CoE,,1,1,1,,,,,,,,,,,,,,,acvillalon18@yahoo.com,
545,Villegas,Johari,C.,USC,ECE,March 2016,,,,,,,,,,,1,1,,,,,,johari_villegas@yahoo.com,
546,Vistal,Rodelo,B.,USC,ECE,,1,1,1,,,,,,,,,,,,,,,vistal.rodelo@gmail.com,
547,Yap,Brent Matthew,G.,USC,BSCOE/4th Year,,,,,,,,,,,,,,1,1,,,,brent726@gmail.com,
548,Yu,Arvin Tate,,USC,ECE,March 2016,,,,,,,,,,,1,1,,,,,,arvintateyu@gmail.com,
549,Zapanta,Trixie,I.,USC,CoE,,1,1,1,,,,,,,,,,,,,,,trixiezapanta@ymail.com,
550,Alocilja,Ryan,M.,USC,Faculty,,1,1,1,,,,,,,,1,1,,,,,,ryanmalocilja@yahoo.com,9183578870
551,Batulan,Romar,L.,USC,Faculty,,,,,,,,,,,,,,,,1,,,armorbats@gmail.com,9176275862
552,Cañada,Jefferson,R.,USC,Faculty,,1,1,1,,,,,,,,,,1,1,,,,jeffersoncanada@yahoo.com,9331435848
553,Maningo,Custodio Fructuso,,USC,Faculty,,1,1,1,,,,,,,,,,,,,,,myloon7@yahoo.com,9336896428
554,Manzano,Jean Mariz,,USC,Faculty,,1,1,1,,,,,,,,,,,,,,,jean_xhugar@yahoo.com,9236781228
555,Modesto,Tagoc,,USC,Faculty,,1,1,1,,,,,,,,,,,,,,,mhtagoc@yahoo.com,9198942779
556,Mondigo,Antoinette,P.,USC,Faculty,,1,1,1,,,,,,,,,,,,,,,apmondigo@gmail.com,9173008101
557,Percival,Forcadilla,,USC,Faculty,,1,1,1,,,,,,,,1,1,1,1,,1,,chimera086@yahoo.com,9225237668
558,Zafra,Ellen Agnes,,USC,Faculty,,1,1,1,,,,,,,,1,1,1,1,1,1,,ellenzafra@gmail.com,9233138384
559,Palencia,Gene Fe,P.,USC,Faculty,,,,,,,,,,,,,,,,,,1,gene_palencia@yahoo.com,9476170536
560,Tagoc,Modesto,H.,USC,Faculty,,,,,,1,,,,,,,,,,,,1,mhtagoc@gmail.com,9198942779
561,Asilo,Celdrian Rei,B.,UST,Faculty,,1,,,1,,,,,,,,,,,,,,creiasilo@gmail.com,4421157
562,Cala,Kevin Joshua,S.,UST,Faculty,,1,,,1,,,,,,,,,,,,,,kevinjoshuacala@yahoo.com,9163486864
563,Ngo,Jerry,A.,UST,Faculty,,,,,,,,,,,,,,,,1,,,,
564,Roxas,Edison,A.,UST,Faculty,,1,,,1,,,,,,,,,,,,,,earoxas_19@yahoo.com,9328923196
565,Balog,Ric Joseph,,UST,ECE - 5th,,,,,,1,,,,,,,,,,,,,ric_0402@yahoo.com.ph,9151288751
566,Estrada,Christine Jin,,UST,ECE - 5th,,,,,,1,,,,,,,,,,,,,ecristinejin@yahoo.com,9262779015
567,Jimenez,Maria Christina,,UST,ECE - 5th,,,,,,1,,,,,,,,,,,,,kritjimenez@yahoo.com,9169238729
568,Yalung,Christofer,N.,UST,Instructor,,,,,,1,,,,,,,,,,,,,cnyalung@gmail.com,9328720475
569,Manabat,Mark Anthony,,UST,Instructor,,,,,,1,,,,,,,,,,,,,markanthony.manabat@gmail.com,9173152721
570,Alcid,Ace Dominic,C.,UST,BS-ECE,May 2016,,,,,,,,,,,,,,,1,1,,ace.alcid@gmail.com,9058526766
571,Andrada,Jay Bee,J.,UST,BS-ECE,May 2015,1,,,1,,,,,,,,,,,,,,jaybee.andrada@gmail.com,
572,Bulatao,Diana Marie,M.I.,UST,BS-ECE,May 2015,1,,,1,,,,,,,,,,,,,,diana.bulatao09@gmail.com,
573,Carada,Lorenzo Miguel,C.,UST,BS-ECE,May 2015,1,,,1,,,,,,,,,,,,,,lorenzocarada@gmail.com,
574,Castellano,Jan Frederic,S.,UST,BS-ECE,May 2016,,,,,,,,,,,,,,,1,1,,castellano.janfrederic@gmail.com,9064787846
575,Coz,Mae Kristine,V.,UST,BS-ECE,May 2015,1,,,1,,,,,,,,,,,,,,maekristinecoz@gmail.com,
576,Cruz,Noel,B.,UST,BS-ECE,May 2016,,,,,,,,,,,,,,,1,1,,ece.noelc@gmail.com,9323657942
577,De Guzman,Stephanie Grace,S.,UST,BS-ECE,May 2015,1,,,1,,,,,,,,,,,,,,steffideguzman@yahoo.com,
578,De Vera,Carlson,C.,UST,BS-ECE,May 2015,1,,,1,,,,,,,,,,,,,,crisabdejuan@yahoo.com,
579,De Villa,Jonathan,B.,UST,BS-ECE,May 2016,,,,,,,,,,,,,,,1,1,,devillajonathan@gmail.com,9277435624
580,Dela Cruz,Lance Gerome,A.,UST,BS-ECE,May 2015,1,,,1,,,,,,,,,,,,,,lancedelacruz03@gmail.com,
581,Dionisio,Claudette Laurence,C.,UST,BS-ECE,May 2015,1,,,1,,,,,,,,,,,,,,claudetteol7@yahoo.com,
582,Dumandan,Joseph Michael,G.,UST,BS-ECE,May 2016,,,,,,,,,,,,,,,1,1,,josephdumandan@gmail.com,9166854311
583,Fausto,Francesca,T.,UST,BS-ECE,May 2015,1,,,1,,,,,,,,,,,,,,cheskafausto@gmail.com,
584,Gaerlan,Davies Alfonz,C.,UST,BS-ECE,May 2015,1,,,1,,,,,,,,,,,,,,gaerlan.davies@gmail.com,
585,Godoy,Aleck Gene,O.,UST,BS-ECE,May 2016,,,,,,,,,,,,,,,1,1,,aleckgene@gmail.com,9067310570
586,Gonzales,Genina Teriz,M.,UST,BS-ECE,May 2015,1,,,1,,,,,,,,,,,,,,geninaterizgonzales@gmail.com,
587,Guarin,Roneil,Y.,UST,BS-ECE,May 2016,,,,,,,,,,,,,,,1,1,,roneilyurongguarin@outlook.com,9332348738
588,Jalem,John Vincent,P.,UST,BS-ECE,May 2015,1,,,1,,,,,,,,,,,,,,jalem_jvp@yahoo.com,
589,Jumawid,Joren Jay,B.,UST,BS-ECE,May 2015,1,,,1,,,,,,,,,,,,,,j.jumawid@gmail.com,
590,Katigbak,Christian Neil,R.,UST,BS-ECE,May 2016,,,,,,,,,,,,,,,1,1,,cnkatigbak@gmail.com,9277527111
591,Lagman,Lawrence John,M.,UST,BS-ECE,May 2015,1,,,1,,,,,,,,,,,,,,lagman_lorenz@yahoo.com,
592,Leyba,Ranniel Aurelius,R.,UST,BS-ECE,May 2016,,,,,,,,,,,,,,,1,1,,ranniel_leyba@yahoo.com,9055084878
593,Lumod,Nicole,M.,UST,BS-ECE,May 2016,,,,,,,,,,,,,,,1,1,,nicole_lumod@yahoo.com,9178828753
594,Lupoy,Mark Lawrence,D.,UST,BS-ECE,May 2015,1,,,1,,,,,,,,,,,,,,mark.lupoy@gmail.com,
595,Mahandog,Jerico,D.R.,UST,BS-ECE,May 2015,1,,,,,,,,,,,,,,,,,jerico_mdog@yahoo.com,
596,Manuel,Jose Arnaldo,C.,UST,BS-ECE,May 2016,,,,,,,,,,,,,,,1,1,,Josearnaldomanuel@gmail.com,9175389280
597,Matienzo,Pamela,A.,UST,BS-ECE,May 2015,1,,,1,,,,,,,,,,,,,,pam_mhatz@yahoo.com,
598,Mendoza,Paul Anthon,C.,UST,BS-ECE,May 2016,,,,,,,,,,,,,,,1,1,,paulmendoza04@gmail.com,9275101218
599,Morales,Eryl Nico,A.,UST,BS-ECE,May 2016,,,,,,,,,,,,,,,1,1,,nicomorales_7@yahoo.com,9062052011
600,Navarro,Jaimee,C.,UST,BS-ECE,May 2015,1,,,1,,,,,,,,,,,,,,jaimee_navarro@yahoo.com,
601,Navata,Vishnu Joshua,L.,UST,BS-ECE,May 2016,,,,,,,,,,,,,,,1,1,,josh.navata@gmail.com,9175238844
602,Ong,Christopher Ongcho,V.,UST,BS-ECE,May 2016,,,,,,,,,,,,,,,1,1,,chris32494@gmail.com,9176269547
603,Ortiz,Reggie Boy,T.,UST,BS-ECE,May 2016,,,,,,,,,,,,,,,1,1,,ortizreggie007@gmail.com,9062716615
604,Paguio,Arvie,P.,UST,BS-ECE,May 2015,1,,,1,,,,,,,,,,,,,,arviepaguio@gmail.com,
605,Peralta,John Peter William,S.,UST,BS-ECE,May 2015,1,,,1,,,,,,,,,,,,,,peralta.peter.29@gmail.com,
606,Porras,Carl Justin Vincent,G.,UST,BS-ECE,May 2016,,,,,,,,,,,,,,,1,1,,cjvporras@yahoo.com,9167857310
607,Santos,Jehiel,D.,UST,BS-ECE,May 2015,1,,,1,,,,,,,,,,,,,,jehiel_santos@yahoo.com.ph,
608,Sedano,Alexces,R.,UST,BS-ECE,May 2015,1,,,1,,,,,,,,,,,,,,alexces03@yahoo.com,
609,Serrano,Mari Fatima,P.,UST,BS-ECE,May 2015,1,,,1,,,,,,,,,,,,,,marifatima_serrano@yahoo.com,
610,Soliven,Kristoffer Angelo,C.,UST,BS-ECE,May 2015,1,,,1,,,,,,,,,,,,,,kristoffersoliven@gmail.com,
611,Soriano,Katrina Ysabel,M.,UST,BS-ECE,May 2016,,,,,,,,,,,,,,,1,1,,katrinaysabelsoriano@gmail.com,9262348305
612,Trinidad,Maeryll Louise,G.,UST,BS-ECE,May 2015,1,,,1,,,,,,,,,,,,,,maerylltrinidad@gmail.com,
613,Viluan,Danielle Jed,P.,UST,BS-ECE,May 2015,1,,,1,,,,,,,,,,,,,,djpviluan1994@yahoo.com.ph,
614,Visaya,Klaren Ann A.,A.,UST,BS-ECE,May 2016,,,,,,,,,,,,,,,1,1,,klarenvisaya@gmail.com,9153800131
615,Ventura,Rianna Camille,G.,UST,ECE - 5th,,,,,,1,,,,,,,,,,,,,rianna camille_ventura@yahoo.com,9178727767
616,Berinia,Carlo,C.,XINYX,Design Engineer,,,,,,,1,1,,,,,,,,,,,ccberinia@xinyxdesign.com,9053893868
617,Gahite,Olen,S.,XINYX,Design Engineer,,,,,,,,1,,,,,,,,,,,osgahite@xinyxdesign.com,9233033141
618,Hipolito,Nico,M.,XINYX,Design Engineer,,,,,,,1,1,,,,,,,,,,,prhipolito@xinyxdesign.com,9052361414
619,Sarmiento,Elmer,L.,XINYX,Design Engineer,,,,,,,1,1,,,,,,,,,,,ecsarmiento@xinyxdesign.com,9064548018
620,Verastigue,Charisse,D.,XINYX,Design Engineer,,,,,,,1,1,,,,,,,,,,,cdverastigue@xinyxdesign.com,9178103715
621,Mortel,Mark Jayson,O.,XINYX,Design Engineer,,,,,,,1,1,,,,,,,,,,,momortel@xinyxdesign.com,9208018138
622,Dandan,Mark Laurence,T.,XINYX,Design Engineer,,,,,,,1,1,,,,,,,,,,,mtdandan@xinyxdesign.com,9063132281
623,Algado,Andrew,C.,XINYX,Design Engineer,,,,,,,,,,,,,,,,,,1,acalgado@xinyxdesign.com,9281416947
624,Ligtao,Jennifer,G.,XINYX,Design Engineer,,,,,,,,,,,,,,,,,,1,jgligtao@xinyxdesign.com,9305519359
625,Macana,Geogenesis,C.,XINYX,Design Engineer,,,,,,,,,,,,,,,,,,1,gmacana@xinyxdesign.com,9178515076
626,Lacida,Earl Kenneth,J.,XINYX,Design Engineer,,,,,,,,,,1,1,,,,,,,,earlken@gmail.com,9272070124
627,Magallon,Richmond,Z.,XINYX,Design Engineer,,,,,,,,,,1,1,,,,,,,,hastyt627@gmail.com,9057774074
